step_id,process_id,product_id,step_name,step_type,responsible_dept,responsible_person,predecessor_steps,planned_duration,actual_duration,start_time,end_time,status
PROD0001_V1_STEP001,PROD0001_V1,PROD0001,交易指令接收,交易,交易部,交易部_5号员工,,1.0,0.48,2023-01-03 09:00:00,2023-01-03 09:28:53,已完成
PROD0001_V1_STEP002,PROD0001_V1,PROD0001,交易执行,交易,交易部,交易部_3号员工,STEP001,2.0,0.96,2023-01-03 09:28:53,2023-01-03 10:26:44,有问题
PROD0001_V1_STEP003,PROD0001_V1,PROD0001,交易确认,交易,交易部,交易部_4号员工,STEP002,1.0,0.73,2023-01-03 10:26:44,2023-01-03 11:10:47,已完成
PROD0001_V1_STEP004,PROD0001_V1,PROD0001,清算数据接收,清算,清算部,清算部_5号员工,STEP003,2.0,1.46,2023-01-03 11:10:47,2023-01-03 12:38:32,已完成
PROD0001_V1_STEP005,PROD0001_V1,PROD0001,清算处理,清算,清算部,清算部_5号员工,STEP004,3.0,1.8,2023-01-03 12:38:32,2023-01-03 14:26:40,已完成
PROD0001_V1_STEP006,PROD0001_V1,PROD0001,托管行清算核对,清算,清算部,清算部_4号员工,STEP005,2.0,1.47,2023-01-03 14:26:40,2023-01-03 15:55:04,已完成
PROD0001_V1_STEP007,PROD0001_V1,PROD0001,估值数据准备,估值,估值部,估值部_4号员工,STEP006,2.0,1.1,2023-01-03 15:55:04,2023-01-03 17:00:55,已完成
PROD0001_V1_STEP008,PROD0001_V1,PROD0001,估值计算,估值,估值部,估值部_5号员工,STEP007,3.0,1.79,2023-01-03 17:00:55,2023-01-03 18:48:25,已完成
PROD0001_V1_STEP009,PROD0001_V1,PROD0001,托管行估值核对,估值,估值部,估值部_1号员工,STEP008,2.0,1.54,2023-01-03 18:48:25,2023-01-03 20:20:44,已完成
PROD0001_V1_STEP010,PROD0001_V1,PROD0001,估值结果确认,估值,估值部,估值部_2号员工,STEP009,1.0,0.44,2023-01-03 20:20:44,2023-01-03 20:46:50,已完成
PROD0001_V1_STEP011,PROD0001_V1,PROD0001,信息披露准备,披露,披露部,披露部_3号员工,STEP010,2.0,1.21,2023-01-03 20:46:50,2023-01-03 21:59:15,已完成
PROD0001_V1_STEP012,PROD0001_V1,PROD0001,信息披露审核,披露,披露部,披露部_4号员工,STEP011,2.0,1.42,2023-01-03 21:59:15,2023-01-03 23:24:43,已完成
PROD0001_V1_STEP013,PROD0001_V1,PROD0001,信息披露发布,披露,披露部,披露部_1号员工,STEP012,1.0,0.48,2023-01-03 23:24:43,2023-01-03 23:53:32,已完成
PROD0002_V1_STEP001,PROD0002_V1,PROD0002,交易指令接收,交易,交易部,交易部_4号员工,,0.5,0.4,2023-04-19 09:00:00,2023-04-19 09:24:13,已完成
PROD0002_V1_STEP002,PROD0002_V1,PROD0002,交易执行,交易,交易部,交易部_2号员工,STEP001,1.0,0.55,2023-04-19 09:24:13,2023-04-19 09:57:23,有问题
PROD0002_V1_STEP003,PROD0002_V1,PROD0002,清算处理,清算,清算部,清算部_4号员工,STEP002,1.0,0.7,2023-04-19 09:57:23,2023-04-19 10:39:37,已完成
PROD0002_V1_STEP004,PROD0002_V1,PROD0002,估值计算,估值,估值部,估值部_5号员工,STEP003,1.0,0.45,2023-04-19 10:39:37,2023-04-19 11:06:52,已完成
PROD0002_V1_STEP005,PROD0002_V1,PROD0002,托管行核对,估值,估值部,估值部_1号员工,STEP004,1.0,0.46,2023-04-19 11:06:52,2023-04-19 11:34:24,已完成
PROD0002_V1_STEP006,PROD0002_V1,PROD0002,信息披露,披露,披露部,披露部_4号员工,STEP005,0.5,0.32,2023-04-19 11:34:24,2023-04-19 11:53:32,已完成
PROD0003_V1_STEP001,PROD0003_V1,PROD0003,交易指令接收,交易,交易部,交易部_3号员工,,1.0,0.4,2023-05-20 09:00:00,2023-05-20 09:24:14,已完成
PROD0003_V1_STEP002,PROD0003_V1,PROD0003,交易执行,交易,交易部,交易部_4号员工,STEP001,2.0,1.4,2023-05-20 09:24:14,2023-05-20 10:48:17,已完成
PROD0003_V1_STEP003,PROD0003_V1,PROD0003,交易确认,交易,交易部,交易部_1号员工,STEP002,1.0,0.45,2023-05-20 10:48:17,2023-05-20 11:15:02,有问题
PROD0003_V1_STEP004,PROD0003_V1,PROD0003,清算数据接收,清算,清算部,清算部_1号员工,STEP003,2.0,1.04,2023-05-20 11:15:02,2023-05-20 12:17:27,已完成
PROD0003_V1_STEP005,PROD0003_V1,PROD0003,清算处理,清算,清算部,清算部_5号员工,STEP004,3.0,2.95,2023-05-20 12:17:27,2023-05-20 15:14:21,已完成
PROD0003_V1_STEP006,PROD0003_V1,PROD0003,托管行清算核对,清算,清算部,清算部_4号员工,STEP005,2.0,1.34,2023-05-20 15:14:21,2023-05-20 16:34:31,有问题
PROD0003_V1_STEP007,PROD0003_V1,PROD0003,估值数据准备,估值,估值部,估值部_1号员工,STEP006,2.0,1.38,2023-05-20 16:34:31,2023-05-20 17:57:21,已完成
PROD0003_V1_STEP008,PROD0003_V1,PROD0003,估值计算,估值,估值部,估值部_5号员工,STEP007,3.0,2.18,2023-05-20 17:57:21,2023-05-20 20:07:58,已完成
PROD0003_V1_STEP009,PROD0003_V1,PROD0003,托管行估值核对,估值,估值部,估值部_5号员工,STEP008,2.0,2.06,2023-05-20 20:07:58,2023-05-20 22:11:19,有问题
PROD0003_V1_STEP010,PROD0003_V1,PROD0003,估值结果确认,估值,估值部,估值部_4号员工,STEP009,1.0,0.73,2023-05-20 22:11:19,2023-05-20 22:55:14,已完成
PROD0003_V1_STEP011,PROD0003_V1,PROD0003,信息披露准备,披露,披露部,披露部_2号员工,STEP010,2.0,1.42,2023-05-20 22:55:14,2023-05-21 00:20:30,已完成
PROD0003_V1_STEP012,PROD0003_V1,PROD0003,信息披露审核,披露,披露部,披露部_3号员工,STEP011,2.0,1.04,2023-05-21 00:20:30,2023-05-21 01:22:48,有问题
PROD0003_V1_STEP013,PROD0003_V1,PROD0003,信息披露发布,披露,披露部,披露部_3号员工,STEP012,1.0,0.5,2023-05-21 01:22:48,2023-05-21 01:52:52,有问题
PROD0004_V1_STEP001,PROD0004_V1,PROD0004,交易指令接收,交易,交易部,交易部_1号员工,,1.0,0.5,2023-02-01 09:00:00,2023-02-01 09:30:01,有问题
PROD0004_V1_STEP002,PROD0004_V1,PROD0004,交易执行,交易,交易部,交易部_2号员工,STEP001,2.0,1.07,2023-02-01 09:30:01,2023-02-01 10:34:07,已完成
PROD0004_V1_STEP003,PROD0004_V1,PROD0004,清算处理,清算,清算部,清算部_3号员工,STEP002,2.0,2.15,2023-02-01 10:34:07,2023-02-01 12:43:06,已完成
PROD0004_V1_STEP004,PROD0004_V1,PROD0004,托管行清算核对,清算,清算部,清算部_3号员工,STEP003,2.0,1.38,2023-02-01 12:43:06,2023-02-01 14:06:00,已完成
PROD0004_V1_STEP005,PROD0004_V1,PROD0004,估值计算,估值,估值部,估值部_5号员工,STEP004,2.0,2.19,2023-02-01 14:06:00,2023-02-01 16:17:35,已完成
PROD0004_V1_STEP006,PROD0004_V1,PROD0004,托管行估值核对,估值,估值部,估值部_4号员工,STEP005,2.0,0.8,2023-02-01 16:17:35,2023-02-01 17:05:48,已完成
PROD0004_V1_STEP007,PROD0004_V1,PROD0004,信息披露,披露,披露部,披露部_5号员工,STEP006,1.0,0.69,2023-02-01 17:05:48,2023-02-01 17:47:22,已完成
PROD0004_V2_STEP001,PROD0004_V2,PROD0004,交易指令接收,交易,交易部,交易部_1号员工,,1.0,0.5,2023-07-04 09:00:00,2023-07-04 09:29:45,已完成
PROD0004_V2_STEP002,PROD0004_V2,PROD0004,交易执行,交易,交易部,交易部_5号员工,STEP001,2.0,1.43,2023-07-04 09:29:45,2023-07-04 10:55:43,已完成
PROD0004_V2_STEP003,PROD0004_V2,PROD0004,清算处理,清算,清算部,清算部_4号员工,STEP002,2.0,1.51,2023-07-04 10:55:43,2023-07-04 12:26:17,已完成
PROD0004_V2_STEP004,PROD0004_V2,PROD0004,托管行清算核对,清算,清算部,清算部_4号员工,STEP003,2.0,1.41,2023-07-04 12:26:17,2023-07-04 13:51:04,已完成
PROD0004_V2_STEP005,PROD0004_V2,PROD0004,估值计算,估值,估值部,估值部_5号员工,STEP004,2.0,1.56,2023-07-04 13:51:04,2023-07-04 15:24:51,有问题
PROD0004_V2_STEP006,PROD0004_V2,PROD0004,托管行估值核对,估值,估值部,估值部_4号员工,STEP005,2.0,1.22,2023-07-04 15:24:51,2023-07-04 16:37:51,已完成
PROD0004_V2_STEP007,PROD0004_V2,PROD0004,信息披露,披露,披露部,披露部_1号员工,STEP006,1.0,0.44,2023-07-04 16:37:51,2023-07-04 17:04:04,有问题
PROD0005_V1_STEP001,PROD0005_V1,PROD0005,交易指令接收,交易,交易部,交易部_5号员工,,1.0,0.69,2023-08-10 09:00:00,2023-08-10 09:41:30,已完成
PROD0005_V1_STEP002,PROD0005_V1,PROD0005,交易执行,交易,交易部,交易部_4号员工,STEP001,2.0,1.07,2023-08-10 09:41:30,2023-08-10 10:45:29,已完成
PROD0005_V1_STEP003,PROD0005_V1,PROD0005,清算处理,清算,清算部,清算部_1号员工,STEP002,2.0,1.4,2023-08-10 10:45:29,2023-08-10 12:09:29,有问题
PROD0005_V1_STEP004,PROD0005_V1,PROD0005,托管行清算核对,清算,清算部,清算部_1号员工,STEP003,2.0,1.49,2023-08-10 12:09:29,2023-08-10 13:38:44,已完成
PROD0005_V1_STEP005,PROD0005_V1,PROD0005,估值计算,估值,估值部,估值部_3号员工,STEP004,2.0,1.22,2023-08-10 13:38:44,2023-08-10 14:52:04,已完成
PROD0005_V1_STEP006,PROD0005_V1,PROD0005,托管行估值核对,估值,估值部,估值部_5号员工,STEP005,2.0,0.92,2023-08-10 14:52:04,2023-08-10 15:47:31,有问题
PROD0005_V1_STEP007,PROD0005_V1,PROD0005,信息披露,披露,披露部,披露部_3号员工,STEP006,1.0,0.62,2023-08-10 15:47:31,2023-08-10 16:24:58,已完成
PROD0005_V2_STEP001,PROD0005_V2,PROD0005,交易指令接收,交易,交易部,交易部_3号员工,,1.0,0.59,2023-03-06 09:00:00,2023-03-06 09:35:13,已完成
PROD0005_V2_STEP002,PROD0005_V2,PROD0005,交易执行,交易,交易部,交易部_3号员工,STEP001,2.0,1.06,2023-03-06 09:35:13,2023-03-06 10:38:53,已完成
PROD0005_V2_STEP003,PROD0005_V2,PROD0005,清算处理,清算,清算部,清算部_1号员工,STEP002,2.0,1.2,2023-03-06 10:38:53,2023-03-06 11:51:00,已完成
PROD0005_V2_STEP004,PROD0005_V2,PROD0005,托管行清算核对,清算,清算部,清算部_2号员工,STEP003,2.0,1.01,2023-03-06 11:51:00,2023-03-06 12:51:49,已完成
PROD0005_V2_STEP005,PROD0005_V2,PROD0005,估值计算,估值,估值部,估值部_4号员工,STEP004,2.0,1.86,2023-03-06 12:51:49,2023-03-06 14:43:33,已完成
PROD0005_V2_STEP006,PROD0005_V2,PROD0005,托管行估值核对,估值,估值部,估值部_5号员工,STEP005,2.0,0.83,2023-03-06 14:43:33,2023-03-06 15:33:20,已完成
PROD0005_V2_STEP007,PROD0005_V2,PROD0005,信息披露,披露,披露部,披露部_4号员工,STEP006,1.0,0.45,2023-03-06 15:33:20,2023-03-06 16:00:07,有问题
PROD0006_V1_STEP001,PROD0006_V1,PROD0006,交易指令接收,交易,交易部,交易部_1号员工,,1.0,0.64,2023-10-26 09:00:00,2023-10-26 09:38:26,已完成
PROD0006_V1_STEP002,PROD0006_V1,PROD0006,交易执行,交易,交易部,交易部_3号员工,STEP001,2.0,0.89,2023-10-26 09:38:26,2023-10-26 10:31:34,已完成
PROD0006_V1_STEP003,PROD0006_V1,PROD0006,交易确认,交易,交易部,交易部_2号员工,STEP002,1.0,0.71,2023-10-26 10:31:34,2023-10-26 11:13:52,已完成
PROD0006_V1_STEP004,PROD0006_V1,PROD0006,清算数据接收,清算,清算部,清算部_4号员工,STEP003,2.0,0.85,2023-10-26 11:13:52,2023-10-26 12:04:53,有问题
PROD0006_V1_STEP005,PROD0006_V1,PROD0006,清算处理,清算,清算部,清算部_1号员工,STEP004,3.0,1.66,2023-10-26 12:04:53,2023-10-26 13:44:19,已完成
PROD0006_V1_STEP006,PROD0006_V1,PROD0006,托管行清算核对,清算,清算部,清算部_1号员工,STEP005,2.0,1.15,2023-10-26 13:44:19,2023-10-26 14:53:19,有问题
PROD0006_V1_STEP007,PROD0006_V1,PROD0006,估值数据准备,估值,估值部,估值部_4号员工,STEP006,2.0,1.25,2023-10-26 14:53:19,2023-10-26 16:08:34,已完成
PROD0006_V1_STEP008,PROD0006_V1,PROD0006,估值计算,估值,估值部,估值部_4号员工,STEP007,3.0,2.13,2023-10-26 16:08:34,2023-10-26 18:16:31,已完成
PROD0006_V1_STEP009,PROD0006_V1,PROD0006,托管行估值核对,估值,估值部,估值部_5号员工,STEP008,2.0,2.06,2023-10-26 18:16:31,2023-10-26 20:19:53,已完成
PROD0006_V1_STEP010,PROD0006_V1,PROD0006,估值结果确认,估值,估值部,估值部_5号员工,STEP009,1.0,0.56,2023-10-26 20:19:53,2023-10-26 20:53:14,已完成
PROD0006_V1_STEP011,PROD0006_V1,PROD0006,信息披露准备,披露,披露部,披露部_2号员工,STEP010,2.0,1.22,2023-10-26 20:53:14,2023-10-26 22:06:15,已完成
PROD0006_V1_STEP012,PROD0006_V1,PROD0006,信息披露审核,披露,披露部,披露部_4号员工,STEP011,2.0,1.47,2023-10-26 22:06:15,2023-10-26 23:34:31,已完成
PROD0006_V1_STEP013,PROD0006_V1,PROD0006,信息披露发布,披露,披露部,披露部_4号员工,STEP012,1.0,0.52,2023-10-26 23:34:31,2023-10-27 00:05:57,有问题
PROD0006_V2_STEP001,PROD0006_V2,PROD0006,交易指令接收,交易,交易部,交易部_5号员工,,1.0,0.4,2023-01-09 09:00:00,2023-01-09 09:24:17,已完成
PROD0006_V2_STEP002,PROD0006_V2,PROD0006,交易执行,交易,交易部,交易部_1号员工,STEP001,2.0,1.44,2023-01-09 09:24:17,2023-01-09 10:50:42,有问题
PROD0006_V2_STEP003,PROD0006_V2,PROD0006,交易确认,交易,交易部,交易部_4号员工,STEP002,1.0,0.46,2023-01-09 10:50:42,2023-01-09 11:18:28,已完成
PROD0006_V2_STEP004,PROD0006_V2,PROD0006,清算数据接收,清算,清算部,清算部_2号员工,STEP003,2.0,1.11,2023-01-09 11:18:28,2023-01-09 12:25:10,已完成
PROD0006_V2_STEP005,PROD0006_V2,PROD0006,清算处理,清算,清算部,清算部_5号员工,STEP004,3.0,2.23,2023-01-09 12:25:10,2023-01-09 14:38:48,已完成
PROD0006_V2_STEP006,PROD0006_V2,PROD0006,托管行清算核对,清算,清算部,清算部_5号员工,STEP005,2.0,1.1,2023-01-09 14:38:48,2023-01-09 15:44:48,已完成
PROD0006_V2_STEP007,PROD0006_V2,PROD0006,估值数据准备,估值,估值部,估值部_5号员工,STEP006,2.0,1.0,2023-01-09 15:44:48,2023-01-09 16:44:52,有问题
PROD0006_V2_STEP008,PROD0006_V2,PROD0006,估值计算,估值,估值部,估值部_4号员工,STEP007,3.0,2.68,2023-01-09 16:44:52,2023-01-09 19:25:34,已完成
PROD0006_V2_STEP009,PROD0006_V2,PROD0006,托管行估值核对,估值,估值部,估值部_2号员工,STEP008,2.0,2.16,2023-01-09 19:25:34,2023-01-09 21:35:21,有问题
PROD0006_V2_STEP010,PROD0006_V2,PROD0006,估值结果确认,估值,估值部,估值部_3号员工,STEP009,1.0,0.51,2023-01-09 21:35:21,2023-01-09 22:05:45,已完成
PROD0006_V2_STEP011,PROD0006_V2,PROD0006,信息披露准备,披露,披露部,披露部_4号员工,STEP010,2.0,1.32,2023-01-09 22:05:45,2023-01-09 23:25:13,已完成
PROD0006_V2_STEP012,PROD0006_V2,PROD0006,信息披露审核,披露,披露部,披露部_5号员工,STEP011,2.0,1.44,2023-01-09 23:25:13,2023-01-10 00:51:39,有问题
PROD0006_V2_STEP013,PROD0006_V2,PROD0006,信息披露发布,披露,披露部,披露部_3号员工,STEP012,1.0,0.74,2023-01-10 00:51:39,2023-01-10 01:36:11,已完成
PROD0007_V1_STEP001,PROD0007_V1,PROD0007,交易指令接收,交易,交易部,交易部_2号员工,,1.0,0.61,2023-04-04 09:00:00,2023-04-04 09:36:18,已完成
PROD0007_V1_STEP002,PROD0007_V1,PROD0007,交易执行,交易,交易部,交易部_1号员工,STEP001,2.0,0.97,2023-04-04 09:36:18,2023-04-04 10:34:19,已完成
PROD0007_V1_STEP003,PROD0007_V1,PROD0007,清算处理,清算,清算部,清算部_5号员工,STEP002,2.0,2.24,2023-04-04 10:34:19,2023-04-04 12:48:34,已完成
PROD0007_V1_STEP004,PROD0007_V1,PROD0007,托管行清算核对,清算,清算部,清算部_5号员工,STEP003,2.0,1.13,2023-04-04 12:48:34,2023-04-04 13:56:19,已完成
PROD0007_V1_STEP005,PROD0007_V1,PROD0007,估值计算,估值,估值部,估值部_2号员工,STEP004,2.0,1.64,2023-04-04 13:56:19,2023-04-04 15:34:59,已完成
PROD0007_V1_STEP006,PROD0007_V1,PROD0007,托管行估值核对,估值,估值部,估值部_1号员工,STEP005,2.0,1.4,2023-04-04 15:34:59,2023-04-04 16:58:47,已完成
PROD0007_V1_STEP007,PROD0007_V1,PROD0007,信息披露,披露,披露部,披露部_3号员工,STEP006,1.0,0.47,2023-04-04 16:58:47,2023-04-04 17:26:43,有问题
PROD0007_V2_STEP001,PROD0007_V2,PROD0007,交易指令接收,交易,交易部,交易部_5号员工,,1.0,0.49,2023-10-24 09:00:00,2023-10-24 09:29:36,已完成
PROD0007_V2_STEP002,PROD0007_V2,PROD0007,交易执行,交易,交易部,交易部_3号员工,STEP001,2.0,0.87,2023-10-24 09:29:36,2023-10-24 10:22:06,已完成
PROD0007_V2_STEP003,PROD0007_V2,PROD0007,清算处理,清算,清算部,清算部_2号员工,STEP002,2.0,2.11,2023-10-24 10:22:06,2023-10-24 12:28:44,有问题
PROD0007_V2_STEP004,PROD0007_V2,PROD0007,托管行清算核对,清算,清算部,清算部_2号员工,STEP003,2.0,1.38,2023-10-24 12:28:44,2023-10-24 13:51:28,有问题
PROD0007_V2_STEP005,PROD0007_V2,PROD0007,估值计算,估值,估值部,估值部_1号员工,STEP004,2.0,2.18,2023-10-24 13:51:28,2023-10-24 16:02:25,有问题
PROD0007_V2_STEP006,PROD0007_V2,PROD0007,托管行估值核对,估值,估值部,估值部_1号员工,STEP005,2.0,1.3,2023-10-24 16:02:25,2023-10-24 17:20:20,已完成
PROD0007_V2_STEP007,PROD0007_V2,PROD0007,信息披露,披露,披露部,披露部_1号员工,STEP006,1.0,0.5,2023-10-24 17:20:20,2023-10-24 17:50:24,有问题
PROD0008_V1_STEP001,PROD0008_V1,PROD0008,交易指令接收,交易,交易部,交易部_4号员工,,1.0,0.61,2023-01-14 09:00:00,2023-01-14 09:36:47,已完成
PROD0008_V1_STEP002,PROD0008_V1,PROD0008,交易执行,交易,交易部,交易部_1号员工,STEP001,2.0,1.32,2023-01-14 09:36:47,2023-01-14 10:56:09,已完成
PROD0008_V1_STEP003,PROD0008_V1,PROD0008,清算处理,清算,清算部,清算部_4号员工,STEP002,2.0,1.94,2023-01-14 10:56:09,2023-01-14 12:52:46,有问题
PROD0008_V1_STEP004,PROD0008_V1,PROD0008,托管行清算核对,清算,清算部,清算部_3号员工,STEP003,2.0,1.36,2023-01-14 12:52:46,2023-01-14 14:14:23,已完成
PROD0008_V1_STEP005,PROD0008_V1,PROD0008,估值计算,估值,估值部,估值部_3号员工,STEP004,2.0,1.56,2023-01-14 14:14:23,2023-01-14 15:48:13,已完成
PROD0008_V1_STEP006,PROD0008_V1,PROD0008,托管行估值核对,估值,估值部,估值部_2号员工,STEP005,2.0,0.84,2023-01-14 15:48:13,2023-01-14 16:38:47,已完成
PROD0008_V1_STEP007,PROD0008_V1,PROD0008,信息披露,披露,披露部,披露部_5号员工,STEP006,1.0,0.55,2023-01-14 16:38:47,2023-01-14 17:11:44,已完成
PROD0008_V2_STEP001,PROD0008_V2,PROD0008,交易指令接收,交易,交易部,交易部_2号员工,,1.0,0.6,2023-10-26 09:00:00,2023-10-26 09:36:15,已完成
PROD0008_V2_STEP002,PROD0008_V2,PROD0008,交易执行,交易,交易部,交易部_5号员工,STEP001,2.0,1.2,2023-10-26 09:36:15,2023-10-26 10:48:25,有问题
PROD0008_V2_STEP003,PROD0008_V2,PROD0008,清算处理,清算,清算部,清算部_2号员工,STEP002,2.0,1.32,2023-10-26 10:48:25,2023-10-26 12:07:53,已完成
PROD0008_V2_STEP004,PROD0008_V2,PROD0008,托管行清算核对,清算,清算部,清算部_1号员工,STEP003,2.0,1.18,2023-10-26 12:07:53,2023-10-26 13:18:28,有问题
PROD0008_V2_STEP005,PROD0008_V2,PROD0008,估值计算,估值,估值部,估值部_5号员工,STEP004,2.0,1.45,2023-10-26 13:18:28,2023-10-26 14:45:28,有问题
PROD0008_V2_STEP006,PROD0008_V2,PROD0008,托管行估值核对,估值,估值部,估值部_2号员工,STEP005,2.0,0.92,2023-10-26 14:45:28,2023-10-26 15:40:31,有问题
PROD0008_V2_STEP007,PROD0008_V2,PROD0008,信息披露,披露,披露部,披露部_4号员工,STEP006,1.0,0.69,2023-10-26 15:40:31,2023-10-26 16:22:04,已完成
PROD0009_V1_STEP001,PROD0009_V1,PROD0009,交易指令接收,交易,交易部,交易部_5号员工,,1.0,0.45,2023-04-23 09:00:00,2023-04-23 09:27:07,已完成
PROD0009_V1_STEP002,PROD0009_V1,PROD0009,交易执行,交易,交易部,交易部_3号员工,STEP001,2.0,0.85,2023-04-23 09:27:07,2023-04-23 10:17:50,已完成
PROD0009_V1_STEP003,PROD0009_V1,PROD0009,交易确认,交易,交易部,交易部_1号员工,STEP002,1.0,0.44,2023-04-23 10:17:50,2023-04-23 10:44:01,有问题
PROD0009_V1_STEP004,PROD0009_V1,PROD0009,清算数据接收,清算,清算部,清算部_3号员工,STEP003,2.0,0.99,2023-04-23 10:44:01,2023-04-23 11:43:28,有问题
PROD0009_V1_STEP005,PROD0009_V1,PROD0009,清算处理,清算,清算部,清算部_3号员工,STEP004,2.0,1.32,2023-04-23 11:43:28,2023-04-23 13:02:45,已完成
PROD0009_V1_STEP006,PROD0009_V1,PROD0009,托管行清算核对,清算,清算部,清算部_3号员工,STEP005,2.0,1.23,2023-04-23 13:02:45,2023-04-23 14:16:45,已完成
PROD0009_V1_STEP007,PROD0009_V1,PROD0009,估值数据准备,估值,估值部,估值部_2号员工,STEP006,1.0,0.52,2023-04-23 14:16:45,2023-04-23 14:47:53,有问题
PROD0009_V1_STEP008,PROD0009_V1,PROD0009,估值计算,估值,估值部,估值部_2号员工,STEP007,2.0,1.28,2023-04-23 14:47:53,2023-04-23 16:04:42,有问题
PROD0009_V1_STEP009,PROD0009_V1,PROD0009,托管行估值核对,估值,估值部,估值部_3号员工,STEP008,2.0,1.37,2023-04-23 16:04:42,2023-04-23 17:27:02,有问题
PROD0009_V1_STEP010,PROD0009_V1,PROD0009,估值结果确认,估值,估值部,估值部_4号员工,STEP009,1.0,0.41,2023-04-23 17:27:02,2023-04-23 17:51:25,已完成
PROD0009_V1_STEP011,PROD0009_V1,PROD0009,信息披露准备,披露,披露部,披露部_2号员工,STEP010,1.0,0.61,2023-04-23 17:51:25,2023-04-23 18:28:15,已完成
PROD0009_V1_STEP012,PROD0009_V1,PROD0009,信息披露发布,披露,披露部,披露部_3号员工,STEP011,1.0,0.7,2023-04-23 18:28:15,2023-04-23 19:10:09,有问题
PROD0009_V2_STEP001,PROD0009_V2,PROD0009,交易指令接收,交易,交易部,交易部_2号员工,,1.0,0.6,2023-07-09 09:00:00,2023-07-09 09:36:13,有问题
PROD0009_V2_STEP002,PROD0009_V2,PROD0009,交易执行,交易,交易部,交易部_4号员工,STEP001,2.0,0.85,2023-07-09 09:36:13,2023-07-09 10:27:00,已完成
PROD0009_V2_STEP003,PROD0009_V2,PROD0009,交易确认,交易,交易部,交易部_2号员工,STEP002,1.0,0.57,2023-07-09 10:27:00,2023-07-09 11:01:22,已完成
PROD0009_V2_STEP004,PROD0009_V2,PROD0009,清算数据接收,清算,清算部,清算部_3号员工,STEP003,2.0,0.92,2023-07-09 11:01:22,2023-07-09 11:56:30,有问题
PROD0009_V2_STEP005,PROD0009_V2,PROD0009,清算处理,清算,清算部,清算部_2号员工,STEP004,2.0,1.89,2023-07-09 11:56:30,2023-07-09 13:49:50,有问题
PROD0009_V2_STEP006,PROD0009_V2,PROD0009,托管行清算核对,清算,清算部,清算部_3号员工,STEP005,2.0,1.31,2023-07-09 13:49:50,2023-07-09 15:08:09,已完成
PROD0009_V2_STEP007,PROD0009_V2,PROD0009,估值数据准备,估值,估值部,估值部_4号员工,STEP006,1.0,0.67,2023-07-09 15:08:09,2023-07-09 15:48:17,已完成
PROD0009_V2_STEP008,PROD0009_V2,PROD0009,估值计算,估值,估值部,估值部_5号员工,STEP007,2.0,1.86,2023-07-09 15:48:17,2023-07-09 17:40:07,已完成
PROD0009_V2_STEP009,PROD0009_V2,PROD0009,托管行估值核对,估值,估值部,估值部_2号员工,STEP008,2.0,1.5,2023-07-09 17:40:07,2023-07-09 19:10:02,已完成
PROD0009_V2_STEP010,PROD0009_V2,PROD0009,估值结果确认,估值,估值部,估值部_1号员工,STEP009,1.0,0.56,2023-07-09 19:10:02,2023-07-09 19:43:26,有问题
PROD0009_V2_STEP011,PROD0009_V2,PROD0009,信息披露准备,披露,披露部,披露部_1号员工,STEP010,1.0,0.53,2023-07-09 19:43:26,2023-07-09 20:14:57,有问题
PROD0009_V2_STEP012,PROD0009_V2,PROD0009,信息披露发布,披露,披露部,披露部_3号员工,STEP011,1.0,0.56,2023-07-09 20:14:57,2023-07-09 20:48:27,已完成
PROD0010_V1_STEP001,PROD0010_V1,PROD0010,交易指令接收,交易,交易部,交易部_3号员工,,1.0,0.73,2023-08-02 09:00:00,2023-08-02 09:43:45,有问题
PROD0010_V1_STEP002,PROD0010_V1,PROD0010,交易执行,交易,交易部,交易部_1号员工,STEP001,2.0,1.2,2023-08-02 09:43:45,2023-08-02 10:56:00,已完成
PROD0010_V1_STEP003,PROD0010_V1,PROD0010,交易确认,交易,交易部,交易部_1号员工,STEP002,1.0,0.56,2023-08-02 10:56:00,2023-08-02 11:29:52,已完成
PROD0010_V1_STEP004,PROD0010_V1,PROD0010,清算数据接收,清算,清算部,清算部_4号员工,STEP003,2.0,1.43,2023-08-02 11:29:52,2023-08-02 12:55:43,有问题
PROD0010_V1_STEP005,PROD0010_V1,PROD0010,清算处理,清算,清算部,清算部_5号员工,STEP004,3.0,2.63,2023-08-02 12:55:43,2023-08-02 15:33:44,已完成
PROD0010_V1_STEP006,PROD0010_V1,PROD0010,托管行清算核对,清算,清算部,清算部_4号员工,STEP005,2.0,1.42,2023-08-02 15:33:44,2023-08-02 16:58:45,已完成
PROD0010_V1_STEP007,PROD0010_V1,PROD0010,估值数据准备,估值,估值部,估值部_1号员工,STEP006,2.0,0.87,2023-08-02 16:58:45,2023-08-02 17:51:07,已完成
PROD0010_V1_STEP008,PROD0010_V1,PROD0010,估值计算,估值,估值部,估值部_1号员工,STEP007,3.0,2.61,2023-08-02 17:51:07,2023-08-02 20:27:47,已完成
PROD0010_V1_STEP009,PROD0010_V1,PROD0010,托管行估值核对,估值,估值部,估值部_4号员工,STEP008,2.0,1.27,2023-08-02 20:27:47,2023-08-02 21:43:49,已完成
PROD0010_V1_STEP010,PROD0010_V1,PROD0010,估值结果确认,估值,估值部,估值部_1号员工,STEP009,1.0,0.65,2023-08-02 21:43:49,2023-08-02 22:22:36,已完成
PROD0010_V1_STEP011,PROD0010_V1,PROD0010,信息披露准备,披露,披露部,披露部_3号员工,STEP010,2.0,0.99,2023-08-02 22:22:36,2023-08-02 23:21:42,已完成
PROD0010_V1_STEP012,PROD0010_V1,PROD0010,信息披露审核,披露,披露部,披露部_4号员工,STEP011,2.0,0.99,2023-08-02 23:21:42,2023-08-03 00:21:21,已完成
PROD0010_V1_STEP013,PROD0010_V1,PROD0010,信息披露发布,披露,披露部,披露部_4号员工,STEP012,1.0,0.72,2023-08-03 00:21:21,2023-08-03 01:04:34,已完成
PROD0010_V2_STEP001,PROD0010_V2,PROD0010,交易指令接收,交易,交易部,交易部_4号员工,,1.0,0.54,2023-06-23 09:00:00,2023-06-23 09:32:12,已完成
PROD0010_V2_STEP002,PROD0010_V2,PROD0010,交易执行,交易,交易部,交易部_3号员工,STEP001,2.0,1.17,2023-06-23 09:32:12,2023-06-23 10:42:08,已完成
PROD0010_V2_STEP003,PROD0010_V2,PROD0010,交易确认,交易,交易部,交易部_5号员工,STEP002,1.0,0.68,2023-06-23 10:42:08,2023-06-23 11:22:45,已完成
PROD0010_V2_STEP004,PROD0010_V2,PROD0010,清算数据接收,清算,清算部,清算部_3号员工,STEP003,2.0,0.92,2023-06-23 11:22:45,2023-06-23 12:17:55,已完成
PROD0010_V2_STEP005,PROD0010_V2,PROD0010,清算处理,清算,清算部,清算部_5号员工,STEP004,3.0,2.61,2023-06-23 12:17:55,2023-06-23 14:54:30,已完成
PROD0010_V2_STEP006,PROD0010_V2,PROD0010,托管行清算核对,清算,清算部,清算部_3号员工,STEP005,2.0,1.35,2023-06-23 14:54:30,2023-06-23 16:15:22,已完成
PROD0010_V2_STEP007,PROD0010_V2,PROD0010,估值数据准备,估值,估值部,估值部_5号员工,STEP006,2.0,0.98,2023-06-23 16:15:22,2023-06-23 17:14:19,已完成
PROD0010_V2_STEP008,PROD0010_V2,PROD0010,估值计算,估值,估值部,估值部_1号员工,STEP007,3.0,2.46,2023-06-23 17:14:19,2023-06-23 19:41:42,有问题
PROD0010_V2_STEP009,PROD0010_V2,PROD0010,托管行估值核对,估值,估值部,估值部_5号员工,STEP008,2.0,1.59,2023-06-23 19:41:42,2023-06-23 21:17:05,已完成
PROD0010_V2_STEP010,PROD0010_V2,PROD0010,估值结果确认,估值,估值部,估值部_1号员工,STEP009,1.0,0.72,2023-06-23 21:17:05,2023-06-23 22:00:00,已完成
PROD0010_V2_STEP011,PROD0010_V2,PROD0010,信息披露准备,披露,披露部,披露部_2号员工,STEP010,2.0,1.36,2023-06-23 22:00:00,2023-06-23 23:21:39,已完成
PROD0010_V2_STEP012,PROD0010_V2,PROD0010,信息披露审核,披露,披露部,披露部_3号员工,STEP011,2.0,1.18,2023-06-23 23:21:39,2023-06-24 00:32:22,已完成
PROD0010_V2_STEP013,PROD0010_V2,PROD0010,信息披露发布,披露,披露部,披露部_5号员工,STEP012,1.0,0.66,2023-06-24 00:32:22,2023-06-24 01:12:01,已完成
PROD0011_V1_STEP001,PROD0011_V1,PROD0011,交易指令接收,交易,交易部,交易部_2号员工,,1.0,0.51,2023-09-22 09:00:00,2023-09-22 09:30:53,已完成
PROD0011_V1_STEP002,PROD0011_V1,PROD0011,交易执行,交易,交易部,交易部_5号员工,STEP001,2.0,1.3,2023-09-22 09:30:53,2023-09-22 10:48:38,已完成
PROD0011_V1_STEP003,PROD0011_V1,PROD0011,交易确认,交易,交易部,交易部_3号员工,STEP002,1.0,0.73,2023-09-22 10:48:38,2023-09-22 11:32:21,已完成
PROD0011_V1_STEP004,PROD0011_V1,PROD0011,清算数据接收,清算,清算部,清算部_4号员工,STEP003,2.0,0.86,2023-09-22 11:32:21,2023-09-22 12:24:10,已完成
PROD0011_V1_STEP005,PROD0011_V1,PROD0011,清算处理,清算,清算部,清算部_2号员工,STEP004,3.0,1.7,2023-09-22 12:24:10,2023-09-22 14:06:18,已完成
PROD0011_V1_STEP006,PROD0011_V1,PROD0011,托管行清算核对,清算,清算部,清算部_2号员工,STEP005,2.0,0.96,2023-09-22 14:06:18,2023-09-22 15:04:01,已完成
PROD0011_V1_STEP007,PROD0011_V1,PROD0011,估值数据准备,估值,估值部,估值部_3号员工,STEP006,2.0,1.1,2023-09-22 15:04:01,2023-09-22 16:10:03,有问题
PROD0011_V1_STEP008,PROD0011_V1,PROD0011,估值计算,估值,估值部,估值部_2号员工,STEP007,3.0,2.17,2023-09-22 16:10:03,2023-09-22 18:20:24,已完成
PROD0011_V1_STEP009,PROD0011_V1,PROD0011,托管行估值核对,估值,估值部,估值部_3号员工,STEP008,2.0,1.57,2023-09-22 18:20:24,2023-09-22 19:54:48,有问题
PROD0011_V1_STEP010,PROD0011_V1,PROD0011,估值结果确认,估值,估值部,估值部_5号员工,STEP009,1.0,0.46,2023-09-22 19:54:48,2023-09-22 20:22:35,已完成
PROD0011_V1_STEP011,PROD0011_V1,PROD0011,信息披露准备,披露,披露部,披露部_1号员工,STEP010,2.0,0.91,2023-09-22 20:22:35,2023-09-22 21:16:58,有问题
PROD0011_V1_STEP012,PROD0011_V1,PROD0011,信息披露审核,披露,披露部,披露部_5号员工,STEP011,2.0,1.13,2023-09-22 21:16:58,2023-09-22 22:24:49,已完成
PROD0011_V1_STEP013,PROD0011_V1,PROD0011,信息披露发布,披露,披露部,披露部_2号员工,STEP012,1.0,0.52,2023-09-22 22:24:49,2023-09-22 22:55:51,有问题
PROD0011_V2_STEP001,PROD0011_V2,PROD0011,交易指令接收,交易,交易部,交易部_1号员工,,1.0,0.66,2023-11-04 09:00:00,2023-11-04 09:39:44,已完成
PROD0011_V2_STEP002,PROD0011_V2,PROD0011,交易执行,交易,交易部,交易部_1号员工,STEP001,2.0,1.26,2023-11-04 09:39:44,2023-11-04 10:55:17,已完成
PROD0011_V2_STEP003,PROD0011_V2,PROD0011,交易确认,交易,交易部,交易部_5号员工,STEP002,1.0,0.45,2023-11-04 10:55:17,2023-11-04 11:22:16,有问题
PROD0011_V2_STEP004,PROD0011_V2,PROD0011,清算数据接收,清算,清算部,清算部_4号员工,STEP003,2.0,1.08,2023-11-04 11:22:16,2023-11-04 12:27:13,已完成
PROD0011_V2_STEP005,PROD0011_V2,PROD0011,清算处理,清算,清算部,清算部_2号员工,STEP004,3.0,2.6,2023-11-04 12:27:13,2023-11-04 15:03:25,已完成
PROD0011_V2_STEP006,PROD0011_V2,PROD0011,托管行清算核对,清算,清算部,清算部_4号员工,STEP005,2.0,1.34,2023-11-04 15:03:25,2023-11-04 16:23:45,已完成
PROD0011_V2_STEP007,PROD0011_V2,PROD0011,估值数据准备,估值,估值部,估值部_5号员工,STEP006,2.0,1.43,2023-11-04 16:23:45,2023-11-04 17:49:39,已完成
PROD0011_V2_STEP008,PROD0011_V2,PROD0011,估值计算,估值,估值部,估值部_2号员工,STEP007,3.0,2.82,2023-11-04 17:49:39,2023-11-04 20:39:02,已完成
PROD0011_V2_STEP009,PROD0011_V2,PROD0011,托管行估值核对,估值,估值部,估值部_2号员工,STEP008,2.0,1.23,2023-11-04 20:39:02,2023-11-04 21:53:01,已完成
PROD0011_V2_STEP010,PROD0011_V2,PROD0011,估值结果确认,估值,估值部,估值部_4号员工,STEP009,1.0,0.61,2023-11-04 21:53:01,2023-11-04 22:29:33,有问题
PROD0011_V2_STEP011,PROD0011_V2,PROD0011,信息披露准备,披露,披露部,披露部_1号员工,STEP010,2.0,1.47,2023-11-04 22:29:33,2023-11-04 23:58:00,已完成
PROD0011_V2_STEP012,PROD0011_V2,PROD0011,信息披露审核,披露,披露部,披露部_5号员工,STEP011,2.0,1.06,2023-11-04 23:58:00,2023-11-05 01:01:50,已完成
PROD0011_V2_STEP013,PROD0011_V2,PROD0011,信息披露发布,披露,披露部,披露部_3号员工,STEP012,1.0,0.42,2023-11-05 01:01:50,2023-11-05 01:27:08,已完成
PROD0012_V1_STEP001,PROD0012_V1,PROD0012,交易指令接收,交易,交易部,交易部_2号员工,,1.0,0.43,2023-12-05 09:00:00,2023-12-05 09:25:48,已完成
PROD0012_V1_STEP002,PROD0012_V1,PROD0012,交易执行,交易,交易部,交易部_2号员工,STEP001,2.0,1.23,2023-12-05 09:25:48,2023-12-05 10:39:28,已完成
PROD0012_V1_STEP003,PROD0012_V1,PROD0012,清算处理,清算,清算部,清算部_3号员工,STEP002,2.0,1.46,2023-12-05 10:39:28,2023-12-05 12:07:10,已完成
PROD0012_V1_STEP004,PROD0012_V1,PROD0012,托管行清算核对,清算,清算部,清算部_3号员工,STEP003,2.0,0.97,2023-12-05 12:07:10,2023-12-05 13:05:11,已完成
PROD0012_V1_STEP005,PROD0012_V1,PROD0012,估值计算,估值,估值部,估值部_2号员工,STEP004,2.0,1.39,2023-12-05 13:05:11,2023-12-05 14:28:51,有问题
PROD0012_V1_STEP006,PROD0012_V1,PROD0012,托管行估值核对,估值,估值部,估值部_4号员工,STEP005,2.0,1.42,2023-12-05 14:28:51,2023-12-05 15:53:46,已完成
PROD0012_V1_STEP007,PROD0012_V1,PROD0012,信息披露,披露,披露部,披露部_4号员工,STEP006,1.0,0.73,2023-12-05 15:53:46,2023-12-05 16:37:34,已完成
PROD0013_V1_STEP001,PROD0013_V1,PROD0013,交易指令接收,交易,交易部,交易部_4号员工,,1.0,0.59,2023-08-19 09:00:00,2023-08-19 09:35:31,有问题
PROD0013_V1_STEP002,PROD0013_V1,PROD0013,交易执行,交易,交易部,交易部_4号员工,STEP001,2.0,1.04,2023-08-19 09:35:31,2023-08-19 10:38:09,有问题
PROD0013_V1_STEP003,PROD0013_V1,PROD0013,交易确认,交易,交易部,交易部_4号员工,STEP002,1.0,0.41,2023-08-19 10:38:09,2023-08-19 11:02:56,已完成
PROD0013_V1_STEP004,PROD0013_V1,PROD0013,清算数据接收,清算,清算部,清算部_4号员工,STEP003,2.0,0.98,2023-08-19 11:02:56,2023-08-19 12:01:51,已完成
PROD0013_V1_STEP005,PROD0013_V1,PROD0013,清算处理,清算,清算部,清算部_3号员工,STEP004,3.0,2.75,2023-08-19 12:01:51,2023-08-19 14:46:37,已完成
PROD0013_V1_STEP006,PROD0013_V1,PROD0013,托管行清算核对,清算,清算部,清算部_2号员工,STEP005,2.0,1.04,2023-08-19 14:46:37,2023-08-19 15:48:46,已完成
PROD0013_V1_STEP007,PROD0013_V1,PROD0013,估值数据准备,估值,估值部,估值部_5号员工,STEP006,2.0,1.47,2023-08-19 15:48:46,2023-08-19 17:16:58,已完成
PROD0013_V1_STEP008,PROD0013_V1,PROD0013,估值计算,估值,估值部,估值部_3号员工,STEP007,3.0,2.48,2023-08-19 17:16:58,2023-08-19 19:45:47,已完成
PROD0013_V1_STEP009,PROD0013_V1,PROD0013,托管行估值核对,估值,估值部,估值部_2号员工,STEP008,2.0,1.6,2023-08-19 19:45:47,2023-08-19 21:21:56,已完成
PROD0013_V1_STEP010,PROD0013_V1,PROD0013,估值结果确认,估值,估值部,估值部_5号员工,STEP009,1.0,0.57,2023-08-19 21:21:56,2023-08-19 21:56:02,已完成
PROD0013_V1_STEP011,PROD0013_V1,PROD0013,信息披露准备,披露,披露部,披露部_4号员工,STEP010,2.0,1.11,2023-08-19 21:56:02,2023-08-19 23:02:30,已完成
PROD0013_V1_STEP012,PROD0013_V1,PROD0013,信息披露审核,披露,披露部,披露部_4号员工,STEP011,2.0,1.33,2023-08-19 23:02:30,2023-08-20 00:22:14,有问题
PROD0013_V1_STEP013,PROD0013_V1,PROD0013,信息披露发布,披露,披露部,披露部_1号员工,STEP012,1.0,0.67,2023-08-20 00:22:14,2023-08-20 01:02:10,已完成
PROD0014_V1_STEP001,PROD0014_V1,PROD0014,交易指令接收,交易,交易部,交易部_1号员工,,0.5,0.41,2023-05-13 09:00:00,2023-05-13 09:24:38,已完成
PROD0014_V1_STEP002,PROD0014_V1,PROD0014,交易执行,交易,交易部,交易部_3号员工,STEP001,1.0,0.68,2023-05-13 09:24:38,2023-05-13 10:05:33,有问题
PROD0014_V1_STEP003,PROD0014_V1,PROD0014,清算处理,清算,清算部,清算部_1号员工,STEP002,1.0,0.49,2023-05-13 10:05:33,2023-05-13 10:35:14,已完成
PROD0014_V1_STEP004,PROD0014_V1,PROD0014,估值计算,估值,估值部,估值部_4号员工,STEP003,1.0,0.64,2023-05-13 10:35:14,2023-05-13 11:13:40,有问题
PROD0014_V1_STEP005,PROD0014_V1,PROD0014,托管行核对,估值,估值部,估值部_5号员工,STEP004,1.0,0.59,2023-05-13 11:13:40,2023-05-13 11:49:12,已完成
PROD0014_V1_STEP006,PROD0014_V1,PROD0014,信息披露,披露,披露部,披露部_3号员工,STEP005,0.5,0.34,2023-05-13 11:49:12,2023-05-13 12:09:30,已完成
PROD0014_V2_STEP001,PROD0014_V2,PROD0014,交易指令接收,交易,交易部,交易部_2号员工,,0.5,0.24,2023-02-18 09:00:00,2023-02-18 09:14:31,已完成
PROD0014_V2_STEP002,PROD0014_V2,PROD0014,交易执行,交易,交易部,交易部_3号员工,STEP001,1.0,0.45,2023-02-18 09:14:31,2023-02-18 09:41:31,已完成
PROD0014_V2_STEP003,PROD0014_V2,PROD0014,清算处理,清算,清算部,清算部_2号员工,STEP002,1.0,0.74,2023-02-18 09:41:31,2023-02-18 10:25:39,已完成
PROD0014_V2_STEP004,PROD0014_V2,PROD0014,估值计算,估值,估值部,估值部_4号员工,STEP003,1.0,0.62,2023-02-18 10:25:39,2023-02-18 11:02:59,有问题
PROD0014_V2_STEP005,PROD0014_V2,PROD0014,托管行核对,估值,估值部,估值部_1号员工,STEP004,1.0,0.54,2023-02-18 11:02:59,2023-02-18 11:35:29,已完成
PROD0014_V2_STEP006,PROD0014_V2,PROD0014,信息披露,披露,披露部,披露部_1号员工,STEP005,0.5,0.35,2023-02-18 11:35:29,2023-02-18 11:56:31,已完成
PROD0015_V1_STEP001,PROD0015_V1,PROD0015,交易指令接收,交易,交易部,交易部_5号员工,,1.0,0.68,2023-08-25 09:00:00,2023-08-25 09:40:45,已完成
PROD0015_V1_STEP002,PROD0015_V1,PROD0015,交易执行,交易,交易部,交易部_2号员工,STEP001,2.0,1.32,2023-08-25 09:40:45,2023-08-25 11:00:02,有问题
PROD0015_V1_STEP003,PROD0015_V1,PROD0015,交易确认,交易,交易部,交易部_4号员工,STEP002,1.0,0.57,2023-08-25 11:00:02,2023-08-25 11:34:11,已完成
PROD0015_V1_STEP004,PROD0015_V1,PROD0015,清算数据接收,清算,清算部,清算部_4号员工,STEP003,2.0,0.85,2023-08-25 11:34:11,2023-08-25 12:25:10,已完成
PROD0015_V1_STEP005,PROD0015_V1,PROD0015,清算处理,清算,清算部,清算部_3号员工,STEP004,3.0,3.0,2023-08-25 12:25:10,2023-08-25 15:25:01,已完成
PROD0015_V1_STEP006,PROD0015_V1,PROD0015,托管行清算核对,清算,清算部,清算部_2号员工,STEP005,2.0,0.9,2023-08-25 15:25:01,2023-08-25 16:18:55,已完成
PROD0015_V1_STEP007,PROD0015_V1,PROD0015,估值数据准备,估值,估值部,估值部_4号员工,STEP006,2.0,1.39,2023-08-25 16:18:55,2023-08-25 17:42:13,已完成
PROD0015_V1_STEP008,PROD0015_V1,PROD0015,估值计算,估值,估值部,估值部_3号员工,STEP007,3.0,2.82,2023-08-25 17:42:13,2023-08-25 20:31:42,有问题
PROD0015_V1_STEP009,PROD0015_V1,PROD0015,托管行估值核对,估值,估值部,估值部_5号员工,STEP008,2.0,2.2,2023-08-25 20:31:42,2023-08-25 22:43:33,已完成
PROD0015_V1_STEP010,PROD0015_V1,PROD0015,估值结果确认,估值,估值部,估值部_1号员工,STEP009,1.0,0.52,2023-08-25 22:43:33,2023-08-25 23:14:59,已完成
PROD0015_V1_STEP011,PROD0015_V1,PROD0015,信息披露准备,披露,披露部,披露部_3号员工,STEP010,2.0,1.5,2023-08-25 23:14:59,2023-08-26 00:44:55,有问题
PROD0015_V1_STEP012,PROD0015_V1,PROD0015,信息披露审核,披露,披露部,披露部_4号员工,STEP011,2.0,1.28,2023-08-26 00:44:55,2023-08-26 02:01:46,已完成
PROD0015_V1_STEP013,PROD0015_V1,PROD0015,信息披露发布,披露,披露部,披露部_4号员工,STEP012,1.0,0.48,2023-08-26 02:01:46,2023-08-26 02:30:19,已完成
PROD0016_V1_STEP001,PROD0016_V1,PROD0016,交易指令接收,交易,交易部,交易部_1号员工,,1.0,0.47,2023-08-17 09:00:00,2023-08-17 09:28:00,已完成
PROD0016_V1_STEP002,PROD0016_V1,PROD0016,交易执行,交易,交易部,交易部_3号员工,STEP001,2.0,1.49,2023-08-17 09:28:00,2023-08-17 10:57:29,已完成
PROD0016_V1_STEP003,PROD0016_V1,PROD0016,交易确认,交易,交易部,交易部_4号员工,STEP002,1.0,0.75,2023-08-17 10:57:29,2023-08-17 11:42:17,有问题
PROD0016_V1_STEP004,PROD0016_V1,PROD0016,清算数据接收,清算,清算部,清算部_2号员工,STEP003,2.0,1.14,2023-08-17 11:42:17,2023-08-17 12:50:28,有问题
PROD0016_V1_STEP005,PROD0016_V1,PROD0016,清算处理,清算,清算部,清算部_1号员工,STEP004,3.0,1.76,2023-08-17 12:50:28,2023-08-17 14:35:54,有问题
PROD0016_V1_STEP006,PROD0016_V1,PROD0016,托管行清算核对,清算,清算部,清算部_1号员工,STEP005,2.0,1.35,2023-08-17 14:35:54,2023-08-17 15:56:47,已完成
PROD0016_V1_STEP007,PROD0016_V1,PROD0016,估值数据准备,估值,估值部,估值部_2号员工,STEP006,2.0,0.95,2023-08-17 15:56:47,2023-08-17 16:53:56,已完成
PROD0016_V1_STEP008,PROD0016_V1,PROD0016,估值计算,估值,估值部,估值部_4号员工,STEP007,3.0,2.53,2023-08-17 16:53:56,2023-08-17 19:25:57,已完成
PROD0016_V1_STEP009,PROD0016_V1,PROD0016,托管行估值核对,估值,估值部,估值部_4号员工,STEP008,2.0,1.85,2023-08-17 19:25:57,2023-08-17 21:17:12,已完成
PROD0016_V1_STEP010,PROD0016_V1,PROD0016,估值结果确认,估值,估值部,估值部_5号员工,STEP009,1.0,0.44,2023-08-17 21:17:12,2023-08-17 21:43:39,已完成
PROD0016_V1_STEP011,PROD0016_V1,PROD0016,信息披露准备,披露,披露部,披露部_1号员工,STEP010,2.0,1.16,2023-08-17 21:43:39,2023-08-17 22:53:13,已完成
PROD0016_V1_STEP012,PROD0016_V1,PROD0016,信息披露审核,披露,披露部,披露部_5号员工,STEP011,2.0,1.48,2023-08-17 22:53:13,2023-08-18 00:22:18,有问题
PROD0016_V1_STEP013,PROD0016_V1,PROD0016,信息披露发布,披露,披露部,披露部_4号员工,STEP012,1.0,0.69,2023-08-18 00:22:18,2023-08-18 01:03:54,有问题
PROD0016_V2_STEP001,PROD0016_V2,PROD0016,交易指令接收,交易,交易部,交易部_1号员工,,1.0,0.42,2023-09-09 09:00:00,2023-09-09 09:25:05,已完成
PROD0016_V2_STEP002,PROD0016_V2,PROD0016,交易执行,交易,交易部,交易部_1号员工,STEP001,2.0,1.01,2023-09-09 09:25:05,2023-09-09 10:25:33,已完成
PROD0016_V2_STEP003,PROD0016_V2,PROD0016,交易确认,交易,交易部,交易部_4号员工,STEP002,1.0,0.64,2023-09-09 10:25:33,2023-09-09 11:03:58,已完成
PROD0016_V2_STEP004,PROD0016_V2,PROD0016,清算数据接收,清算,清算部,清算部_5号员工,STEP003,2.0,0.83,2023-09-09 11:03:58,2023-09-09 11:54:02,已完成
PROD0016_V2_STEP005,PROD0016_V2,PROD0016,清算处理,清算,清算部,清算部_2号员工,STEP004,3.0,1.62,2023-09-09 11:54:02,2023-09-09 13:31:06,已完成
PROD0016_V2_STEP006,PROD0016_V2,PROD0016,托管行清算核对,清算,清算部,清算部_4号员工,STEP005,2.0,1.02,2023-09-09 13:31:06,2023-09-09 14:32:18,已完成
PROD0016_V2_STEP007,PROD0016_V2,PROD0016,估值数据准备,估值,估值部,估值部_4号员工,STEP006,2.0,1.39,2023-09-09 14:32:18,2023-09-09 15:55:54,已完成
PROD0016_V2_STEP008,PROD0016_V2,PROD0016,估值计算,估值,估值部,估值部_1号员工,STEP007,3.0,2.32,2023-09-09 15:55:54,2023-09-09 18:14:49,有问题
PROD0016_V2_STEP009,PROD0016_V2,PROD0016,托管行估值核对,估值,估值部,估值部_1号员工,STEP008,2.0,1.6,2023-09-09 18:14:49,2023-09-09 19:50:47,已完成
PROD0016_V2_STEP010,PROD0016_V2,PROD0016,估值结果确认,估值,估值部,估值部_3号员工,STEP009,1.0,0.6,2023-09-09 19:50:47,2023-09-09 20:26:43,有问题
PROD0016_V2_STEP011,PROD0016_V2,PROD0016,信息披露准备,披露,披露部,披露部_1号员工,STEP010,2.0,1.4,2023-09-09 20:26:43,2023-09-09 21:50:32,已完成
PROD0016_V2_STEP012,PROD0016_V2,PROD0016,信息披露审核,披露,披露部,披露部_2号员工,STEP011,2.0,0.96,2023-09-09 21:50:32,2023-09-09 22:48:14,有问题
PROD0016_V2_STEP013,PROD0016_V2,PROD0016,信息披露发布,披露,披露部,披露部_2号员工,STEP012,1.0,0.62,2023-09-09 22:48:14,2023-09-09 23:25:31,已完成
PROD0017_V1_STEP001,PROD0017_V1,PROD0017,交易指令接收,交易,交易部,交易部_3号员工,,1.0,0.71,2023-06-04 09:00:00,2023-06-04 09:42:28,已完成
PROD0017_V1_STEP002,PROD0017_V1,PROD0017,交易执行,交易,交易部,交易部_3号员工,STEP001,2.0,1.22,2023-06-04 09:42:28,2023-06-04 10:55:34,已完成
PROD0017_V1_STEP003,PROD0017_V1,PROD0017,交易确认,交易,交易部,交易部_1号员工,STEP002,1.0,0.45,2023-06-04 10:55:34,2023-06-04 11:22:48,已完成
PROD0017_V1_STEP004,PROD0017_V1,PROD0017,清算数据接收,清算,清算部,清算部_5号员工,STEP003,2.0,1.37,2023-06-04 11:22:48,2023-06-04 12:44:55,已完成
PROD0017_V1_STEP005,PROD0017_V1,PROD0017,清算处理,清算,清算部,清算部_4号员工,STEP004,2.0,1.85,2023-06-04 12:44:55,2023-06-04 14:35:39,有问题
PROD0017_V1_STEP006,PROD0017_V1,PROD0017,托管行清算核对,清算,清算部,清算部_5号员工,STEP005,2.0,1.37,2023-06-04 14:35:39,2023-06-04 15:57:56,有问题
PROD0017_V1_STEP007,PROD0017_V1,PROD0017,估值数据准备,估值,估值部,估值部_1号员工,STEP006,1.0,0.59,2023-06-04 15:57:56,2023-06-04 16:33:12,已完成
PROD0017_V1_STEP008,PROD0017_V1,PROD0017,估值计算,估值,估值部,估值部_1号员工,STEP007,2.0,1.44,2023-06-04 16:33:12,2023-06-04 17:59:48,已完成
PROD0017_V1_STEP009,PROD0017_V1,PROD0017,托管行估值核对,估值,估值部,估值部_4号员工,STEP008,2.0,1.44,2023-06-04 17:59:48,2023-06-04 19:25:59,已完成
PROD0017_V1_STEP010,PROD0017_V1,PROD0017,估值结果确认,估值,估值部,估值部_1号员工,STEP009,1.0,0.56,2023-06-04 19:25:59,2023-06-04 19:59:51,已完成
PROD0017_V1_STEP011,PROD0017_V1,PROD0017,信息披露准备,披露,披露部,披露部_1号员工,STEP010,1.0,0.49,2023-06-04 19:59:51,2023-06-04 20:29:14,已完成
PROD0017_V1_STEP012,PROD0017_V1,PROD0017,信息披露发布,披露,披露部,披露部_2号员工,STEP011,1.0,0.7,2023-06-04 20:29:14,2023-06-04 21:11:01,有问题
PROD0017_V2_STEP001,PROD0017_V2,PROD0017,交易指令接收,交易,交易部,交易部_5号员工,,1.0,0.64,2023-12-25 09:00:00,2023-12-25 09:38:32,有问题
PROD0017_V2_STEP002,PROD0017_V2,PROD0017,交易执行,交易,交易部,交易部_3号员工,STEP001,2.0,1.07,2023-12-25 09:38:32,2023-12-25 10:42:34,有问题
PROD0017_V2_STEP003,PROD0017_V2,PROD0017,交易确认,交易,交易部,交易部_4号员工,STEP002,1.0,0.65,2023-12-25 10:42:34,2023-12-25 11:21:21,已完成
PROD0017_V2_STEP004,PROD0017_V2,PROD0017,清算数据接收,清算,清算部,清算部_1号员工,STEP003,2.0,1.27,2023-12-25 11:21:21,2023-12-25 12:37:15,已完成
PROD0017_V2_STEP005,PROD0017_V2,PROD0017,清算处理,清算,清算部,清算部_3号员工,STEP004,2.0,1.54,2023-12-25 12:37:15,2023-12-25 14:09:35,已完成
PROD0017_V2_STEP006,PROD0017_V2,PROD0017,托管行清算核对,清算,清算部,清算部_4号员工,STEP005,2.0,0.96,2023-12-25 14:09:35,2023-12-25 15:07:03,已完成
PROD0017_V2_STEP007,PROD0017_V2,PROD0017,估值数据准备,估值,估值部,估值部_2号员工,STEP006,1.0,0.47,2023-12-25 15:07:03,2023-12-25 15:35:04,有问题
PROD0017_V2_STEP008,PROD0017_V2,PROD0017,估值计算,估值,估值部,估值部_3号员工,STEP007,2.0,1.86,2023-12-25 15:35:04,2023-12-25 17:26:53,已完成
PROD0017_V2_STEP009,PROD0017_V2,PROD0017,托管行估值核对,估值,估值部,估值部_2号员工,STEP008,2.0,1.33,2023-12-25 17:26:53,2023-12-25 18:46:29,已完成
PROD0017_V2_STEP010,PROD0017_V2,PROD0017,估值结果确认,估值,估值部,估值部_4号员工,STEP009,1.0,0.54,2023-12-25 18:46:29,2023-12-25 19:18:59,已完成
PROD0017_V2_STEP011,PROD0017_V2,PROD0017,信息披露准备,披露,披露部,披露部_1号员工,STEP010,1.0,0.7,2023-12-25 19:18:59,2023-12-25 20:00:54,有问题
PROD0017_V2_STEP012,PROD0017_V2,PROD0017,信息披露发布,披露,披露部,披露部_3号员工,STEP011,1.0,0.61,2023-12-25 20:00:54,2023-12-25 20:37:24,已完成
PROD0018_V1_STEP001,PROD0018_V1,PROD0018,交易指令接收,交易,交易部,交易部_3号员工,,1.0,0.45,2023-09-26 09:00:00,2023-09-26 09:27:07,有问题
PROD0018_V1_STEP002,PROD0018_V1,PROD0018,交易执行,交易,交易部,交易部_4号员工,STEP001,2.0,1.42,2023-09-26 09:27:07,2023-09-26 10:52:37,已完成
PROD0018_V1_STEP003,PROD0018_V1,PROD0018,清算处理,清算,清算部,清算部_4号员工,STEP002,2.0,2.21,2023-09-26 10:52:37,2023-09-26 13:05:18,有问题
PROD0018_V1_STEP004,PROD0018_V1,PROD0018,托管行清算核对,清算,清算部,清算部_3号员工,STEP003,2.0,1.04,2023-09-26 13:05:18,2023-09-26 14:07:33,已完成
PROD0018_V1_STEP005,PROD0018_V1,PROD0018,估值计算,估值,估值部,估值部_2号员工,STEP004,2.0,2.23,2023-09-26 14:07:33,2023-09-26 16:21:28,已完成
PROD0018_V1_STEP006,PROD0018_V1,PROD0018,托管行估值核对,估值,估值部,估值部_3号员工,STEP005,2.0,1.03,2023-09-26 16:21:28,2023-09-26 17:23:33,有问题
PROD0018_V1_STEP007,PROD0018_V1,PROD0018,信息披露,披露,披露部,披露部_5号员工,STEP006,1.0,0.48,2023-09-26 17:23:33,2023-09-26 17:52:11,已完成
PROD0019_V1_STEP001,PROD0019_V1,PROD0019,交易指令接收,交易,交易部,交易部_4号员工,,1.0,0.57,2023-05-31 09:00:00,2023-05-31 09:34:15,已完成
PROD0019_V1_STEP002,PROD0019_V1,PROD0019,交易执行,交易,交易部,交易部_4号员工,STEP001,2.0,0.88,2023-05-31 09:34:15,2023-05-31 10:26:57,已完成
PROD0019_V1_STEP003,PROD0019_V1,PROD0019,交易确认,交易,交易部,交易部_1号员工,STEP002,1.0,0.57,2023-05-31 10:26:57,2023-05-31 11:01:14,已完成
PROD0019_V1_STEP004,PROD0019_V1,PROD0019,清算数据接收,清算,清算部,清算部_5号员工,STEP003,2.0,1.36,2023-05-31 11:01:14,2023-05-31 12:22:52,已完成
PROD0019_V1_STEP005,PROD0019_V1,PROD0019,清算处理,清算,清算部,清算部_3号员工,STEP004,3.0,2.49,2023-05-31 12:22:52,2023-05-31 14:52:00,已完成
PROD0019_V1_STEP006,PROD0019_V1,PROD0019,托管行清算核对,清算,清算部,清算部_4号员工,STEP005,2.0,1.35,2023-05-31 14:52:00,2023-05-31 16:13:16,已完成
PROD0019_V1_STEP007,PROD0019_V1,PROD0019,估值数据准备,估值,估值部,估值部_2号员工,STEP006,2.0,1.46,2023-05-31 16:13:16,2023-05-31 17:40:58,有问题
PROD0019_V1_STEP008,PROD0019_V1,PROD0019,估值计算,估值,估值部,估值部_4号员工,STEP007,3.0,2.65,2023-05-31 17:40:58,2023-05-31 20:19:48,已完成
PROD0019_V1_STEP009,PROD0019_V1,PROD0019,托管行估值核对,估值,估值部,估值部_1号员工,STEP008,2.0,1.45,2023-05-31 20:19:48,2023-05-31 21:46:52,已完成
PROD0019_V1_STEP010,PROD0019_V1,PROD0019,估值结果确认,估值,估值部,估值部_1号员工,STEP009,1.0,0.71,2023-05-31 21:46:52,2023-05-31 22:29:30,已完成
PROD0019_V1_STEP011,PROD0019_V1,PROD0019,信息披露准备,披露,披露部,披露部_5号员工,STEP010,2.0,0.82,2023-05-31 22:29:30,2023-05-31 23:18:41,已完成
PROD0019_V1_STEP012,PROD0019_V1,PROD0019,信息披露审核,披露,披露部,披露部_1号员工,STEP011,2.0,1.05,2023-05-31 23:18:41,2023-06-01 00:21:27,已完成
PROD0019_V1_STEP013,PROD0019_V1,PROD0019,信息披露发布,披露,披露部,披露部_3号员工,STEP012,1.0,0.41,2023-06-01 00:21:27,2023-06-01 00:46:01,已完成
PROD0020_V1_STEP001,PROD0020_V1,PROD0020,交易指令接收,交易,交易部,交易部_3号员工,,0.5,0.31,2023-07-04 09:00:00,2023-07-04 09:18:38,已完成
PROD0020_V1_STEP002,PROD0020_V1,PROD0020,交易执行,交易,交易部,交易部_2号员工,STEP001,1.0,0.43,2023-07-04 09:18:38,2023-07-04 09:44:12,已完成
PROD0020_V1_STEP003,PROD0020_V1,PROD0020,清算处理,清算,清算部,清算部_4号员工,STEP002,1.0,0.55,2023-07-04 09:44:12,2023-07-04 10:17:00,有问题
PROD0020_V1_STEP004,PROD0020_V1,PROD0020,估值计算,估值,估值部,估值部_3号员工,STEP003,1.0,0.51,2023-07-04 10:17:00,2023-07-04 10:47:35,已完成
PROD0020_V1_STEP005,PROD0020_V1,PROD0020,托管行核对,估值,估值部,估值部_1号员工,STEP004,1.0,0.44,2023-07-04 10:47:35,2023-07-04 11:13:55,已完成
PROD0020_V1_STEP006,PROD0020_V1,PROD0020,信息披露,披露,披露部,披露部_1号员工,STEP005,0.5,0.39,2023-07-04 11:13:55,2023-07-04 11:37:31,已完成
PROD0020_V2_STEP001,PROD0020_V2,PROD0020,交易指令接收,交易,交易部,交易部_2号员工,,0.5,0.25,2023-05-13 09:00:00,2023-05-13 09:14:42,已完成
PROD0020_V2_STEP002,PROD0020_V2,PROD0020,交易执行,交易,交易部,交易部_1号员工,STEP001,1.0,0.4,2023-05-13 09:14:42,2023-05-13 09:38:55,已完成
PROD0020_V2_STEP003,PROD0020_V2,PROD0020,清算处理,清算,清算部,清算部_3号员工,STEP002,1.0,0.44,2023-05-13 09:38:55,2023-05-13 10:05:13,有问题
PROD0020_V2_STEP004,PROD0020_V2,PROD0020,估值计算,估值,估值部,估值部_3号员工,STEP003,1.0,0.42,2023-05-13 10:05:13,2023-05-13 10:30:22,有问题
PROD0020_V2_STEP005,PROD0020_V2,PROD0020,托管行核对,估值,估值部,估值部_2号员工,STEP004,1.0,0.58,2023-05-13 10:30:22,2023-05-13 11:04:56,已完成
PROD0020_V2_STEP006,PROD0020_V2,PROD0020,信息披露,披露,披露部,披露部_1号员工,STEP005,0.5,0.41,2023-05-13 11:04:56,2023-05-13 11:29:47,已完成
PROD0021_V1_STEP001,PROD0021_V1,PROD0021,交易指令接收,交易,交易部,交易部_3号员工,,0.5,0.45,2023-07-31 09:00:00,2023-07-31 09:26:47,有问题
PROD0021_V1_STEP002,PROD0021_V1,PROD0021,交易执行,交易,交易部,交易部_1号员工,STEP001,1.0,0.75,2023-07-31 09:26:47,2023-07-31 10:11:46,已完成
PROD0021_V1_STEP003,PROD0021_V1,PROD0021,清算处理,清算,清算部,清算部_5号员工,STEP002,1.0,0.41,2023-07-31 10:11:46,2023-07-31 10:36:08,已完成
PROD0021_V1_STEP004,PROD0021_V1,PROD0021,估值计算,估值,估值部,估值部_4号员工,STEP003,1.0,0.49,2023-07-31 10:36:08,2023-07-31 11:05:43,已完成
PROD0021_V1_STEP005,PROD0021_V1,PROD0021,托管行核对,估值,估值部,估值部_1号员工,STEP004,1.0,0.68,2023-07-31 11:05:43,2023-07-31 11:46:33,有问题
PROD0021_V1_STEP006,PROD0021_V1,PROD0021,信息披露,披露,披露部,披露部_3号员工,STEP005,0.5,0.33,2023-07-31 11:46:33,2023-07-31 12:06:31,已完成
PROD0022_V1_STEP001,PROD0022_V1,PROD0022,交易指令接收,交易,交易部,交易部_4号员工,,1.0,0.52,2023-08-03 09:00:00,2023-08-03 09:31:07,已完成
PROD0022_V1_STEP002,PROD0022_V1,PROD0022,交易执行,交易,交易部,交易部_5号员工,STEP001,2.0,1.07,2023-08-03 09:31:07,2023-08-03 10:35:03,已完成
PROD0022_V1_STEP003,PROD0022_V1,PROD0022,清算处理,清算,清算部,清算部_2号员工,STEP002,2.0,1.76,2023-08-03 10:35:03,2023-08-03 12:20:56,已完成
PROD0022_V1_STEP004,PROD0022_V1,PROD0022,托管行清算核对,清算,清算部,清算部_1号员工,STEP003,2.0,0.97,2023-08-03 12:20:56,2023-08-03 13:19:21,已完成
PROD0022_V1_STEP005,PROD0022_V1,PROD0022,估值计算,估值,估值部,估值部_4号员工,STEP004,2.0,1.92,2023-08-03 13:19:21,2023-08-03 15:14:16,有问题
PROD0022_V1_STEP006,PROD0022_V1,PROD0022,托管行估值核对,估值,估值部,估值部_2号员工,STEP005,2.0,1.29,2023-08-03 15:14:16,2023-08-03 16:31:53,已完成
PROD0022_V1_STEP007,PROD0022_V1,PROD0022,信息披露,披露,披露部,披露部_4号员工,STEP006,1.0,0.5,2023-08-03 16:31:53,2023-08-03 17:02:03,已完成
PROD0023_V1_STEP001,PROD0023_V1,PROD0023,交易指令接收,交易,交易部,交易部_3号员工,,1.0,0.49,2023-08-26 09:00:00,2023-08-26 09:29:34,有问题
PROD0023_V1_STEP002,PROD0023_V1,PROD0023,交易执行,交易,交易部,交易部_2号员工,STEP001,2.0,1.03,2023-08-26 09:29:34,2023-08-26 10:31:28,已完成
PROD0023_V1_STEP003,PROD0023_V1,PROD0023,交易确认,交易,交易部,交易部_3号员工,STEP002,1.0,0.58,2023-08-26 10:31:28,2023-08-26 11:06:07,已完成
PROD0023_V1_STEP004,PROD0023_V1,PROD0023,清算数据接收,清算,清算部,清算部_2号员工,STEP003,2.0,0.97,2023-08-26 11:06:07,2023-08-26 12:04:11,已完成
PROD0023_V1_STEP005,PROD0023_V1,PROD0023,清算处理,清算,清算部,清算部_4号员工,STEP004,2.0,1.93,2023-08-26 12:04:11,2023-08-26 13:59:58,已完成
PROD0023_V1_STEP006,PROD0023_V1,PROD0023,托管行清算核对,清算,清算部,清算部_3号员工,STEP005,2.0,1.46,2023-08-26 13:59:58,2023-08-26 15:27:27,已完成
PROD0023_V1_STEP007,PROD0023_V1,PROD0023,估值数据准备,估值,估值部,估值部_4号员工,STEP006,1.0,0.54,2023-08-26 15:27:27,2023-08-26 15:59:46,已完成
PROD0023_V1_STEP008,PROD0023_V1,PROD0023,估值计算,估值,估值部,估值部_1号员工,STEP007,2.0,1.8,2023-08-26 15:59:46,2023-08-26 17:47:49,已完成
PROD0023_V1_STEP009,PROD0023_V1,PROD0023,托管行估值核对,估值,估值部,估值部_1号员工,STEP008,2.0,1.27,2023-08-26 17:47:49,2023-08-26 19:04:07,已完成
PROD0023_V1_STEP010,PROD0023_V1,PROD0023,估值结果确认,估值,估值部,估值部_3号员工,STEP009,1.0,0.67,2023-08-26 19:04:07,2023-08-26 19:44:19,有问题
PROD0023_V1_STEP011,PROD0023_V1,PROD0023,信息披露准备,披露,披露部,披露部_5号员工,STEP010,1.0,0.66,2023-08-26 19:44:19,2023-08-26 20:23:38,已完成
PROD0023_V1_STEP012,PROD0023_V1,PROD0023,信息披露发布,披露,披露部,披露部_4号员工,STEP011,1.0,0.49,2023-08-26 20:23:38,2023-08-26 20:52:49,已完成
PROD0023_V2_STEP001,PROD0023_V2,PROD0023,交易指令接收,交易,交易部,交易部_1号员工,,1.0,0.62,2023-06-12 09:00:00,2023-06-12 09:36:58,已完成
PROD0023_V2_STEP002,PROD0023_V2,PROD0023,交易执行,交易,交易部,交易部_1号员工,STEP001,2.0,0.87,2023-06-12 09:36:58,2023-06-12 10:28:59,已完成
PROD0023_V2_STEP003,PROD0023_V2,PROD0023,交易确认,交易,交易部,交易部_4号员工,STEP002,1.0,0.57,2023-06-12 10:28:59,2023-06-12 11:03:02,有问题
PROD0023_V2_STEP004,PROD0023_V2,PROD0023,清算数据接收,清算,清算部,清算部_3号员工,STEP003,2.0,1.07,2023-06-12 11:03:02,2023-06-12 12:07:09,已完成
PROD0023_V2_STEP005,PROD0023_V2,PROD0023,清算处理,清算,清算部,清算部_4号员工,STEP004,2.0,1.67,2023-06-12 12:07:09,2023-06-12 13:47:20,有问题
PROD0023_V2_STEP006,PROD0023_V2,PROD0023,托管行清算核对,清算,清算部,清算部_1号员工,STEP005,2.0,1.45,2023-06-12 13:47:20,2023-06-12 15:14:17,有问题
PROD0023_V2_STEP007,PROD0023_V2,PROD0023,估值数据准备,估值,估值部,估值部_4号员工,STEP006,1.0,0.67,2023-06-12 15:14:17,2023-06-12 15:54:22,有问题
PROD0023_V2_STEP008,PROD0023_V2,PROD0023,估值计算,估值,估值部,估值部_5号员工,STEP007,2.0,1.49,2023-06-12 15:54:22,2023-06-12 17:23:50,有问题
PROD0023_V2_STEP009,PROD0023_V2,PROD0023,托管行估值核对,估值,估值部,估值部_1号员工,STEP008,2.0,0.82,2023-06-12 17:23:50,2023-06-12 18:12:52,已完成
PROD0023_V2_STEP010,PROD0023_V2,PROD0023,估值结果确认,估值,估值部,估值部_4号员工,STEP009,1.0,0.48,2023-06-12 18:12:52,2023-06-12 18:41:37,已完成
PROD0023_V2_STEP011,PROD0023_V2,PROD0023,信息披露准备,披露,披露部,披露部_3号员工,STEP010,1.0,0.74,2023-06-12 18:41:37,2023-06-12 19:25:44,已完成
PROD0023_V2_STEP012,PROD0023_V2,PROD0023,信息披露发布,披露,披露部,披露部_3号员工,STEP011,1.0,0.5,2023-06-12 19:25:44,2023-06-12 19:55:46,已完成
PROD0024_V1_STEP001,PROD0024_V1,PROD0024,交易指令接收,交易,交易部,交易部_4号员工,,1.0,0.54,2023-03-11 09:00:00,2023-03-11 09:32:31,有问题
PROD0024_V1_STEP002,PROD0024_V1,PROD0024,交易执行,交易,交易部,交易部_1号员工,STEP001,2.0,1.4,2023-03-11 09:32:31,2023-03-11 10:56:23,有问题
PROD0024_V1_STEP003,PROD0024_V1,PROD0024,清算处理,清算,清算部,清算部_4号员工,STEP002,2.0,1.9,2023-03-11 10:56:23,2023-03-11 12:50:28,有问题
PROD0024_V1_STEP004,PROD0024_V1,PROD0024,托管行清算核对,清算,清算部,清算部_5号员工,STEP003,2.0,1.18,2023-03-11 12:50:28,2023-03-11 14:01:04,有问题
PROD0024_V1_STEP005,PROD0024_V1,PROD0024,估值计算,估值,估值部,估值部_1号员工,STEP004,2.0,2.23,2023-03-11 14:01:04,2023-03-11 16:14:49,有问题
PROD0024_V1_STEP006,PROD0024_V1,PROD0024,托管行估值核对,估值,估值部,估值部_2号员工,STEP005,2.0,1.19,2023-03-11 16:14:49,2023-03-11 17:26:10,已完成
PROD0024_V1_STEP007,PROD0024_V1,PROD0024,信息披露,披露,披露部,披露部_2号员工,STEP006,1.0,0.58,2023-03-11 17:26:10,2023-03-11 18:00:46,已完成
PROD0024_V2_STEP001,PROD0024_V2,PROD0024,交易指令接收,交易,交易部,交易部_4号员工,,1.0,0.58,2023-11-11 09:00:00,2023-11-11 09:34:44,已完成
PROD0024_V2_STEP002,PROD0024_V2,PROD0024,交易执行,交易,交易部,交易部_5号员工,STEP001,2.0,1.2,2023-11-11 09:34:44,2023-11-11 10:46:59,有问题
PROD0024_V2_STEP003,PROD0024_V2,PROD0024,清算处理,清算,清算部,清算部_1号员工,STEP002,2.0,2.18,2023-11-11 10:46:59,2023-11-11 12:58:03,已完成
PROD0024_V2_STEP004,PROD0024_V2,PROD0024,托管行清算核对,清算,清算部,清算部_2号员工,STEP003,2.0,1.46,2023-11-11 12:58:03,2023-11-11 14:25:31,已完成
PROD0024_V2_STEP005,PROD0024_V2,PROD0024,估值计算,估值,估值部,估值部_2号员工,STEP004,2.0,1.93,2023-11-11 14:25:31,2023-11-11 16:21:21,已完成
PROD0024_V2_STEP006,PROD0024_V2,PROD0024,托管行估值核对,估值,估值部,估值部_1号员工,STEP005,2.0,0.85,2023-11-11 16:21:21,2023-11-11 17:12:25,有问题
PROD0024_V2_STEP007,PROD0024_V2,PROD0024,信息披露,披露,披露部,披露部_3号员工,STEP006,1.0,0.68,2023-11-11 17:12:25,2023-11-11 17:53:07,已完成
PROD0025_V1_STEP001,PROD0025_V1,PROD0025,交易指令接收,交易,交易部,交易部_3号员工,,0.5,0.43,2023-03-06 09:00:00,2023-03-06 09:25:34,已完成
PROD0025_V1_STEP002,PROD0025_V1,PROD0025,交易执行,交易,交易部,交易部_1号员工,STEP001,1.0,0.67,2023-03-06 09:25:34,2023-03-06 10:05:39,已完成
PROD0025_V1_STEP003,PROD0025_V1,PROD0025,清算处理,清算,清算部,清算部_3号员工,STEP002,1.0,0.63,2023-03-06 10:05:39,2023-03-06 10:43:18,已完成
PROD0025_V1_STEP004,PROD0025_V1,PROD0025,估值计算,估值,估值部,估值部_2号员工,STEP003,1.0,0.69,2023-03-06 10:43:18,2023-03-06 11:24:43,有问题
PROD0025_V1_STEP005,PROD0025_V1,PROD0025,托管行核对,估值,估值部,估值部_5号员工,STEP004,1.0,0.74,2023-03-06 11:24:43,2023-03-06 12:09:18,已完成
PROD0025_V1_STEP006,PROD0025_V1,PROD0025,信息披露,披露,披露部,披露部_4号员工,STEP005,0.5,0.26,2023-03-06 12:09:18,2023-03-06 12:25:11,有问题
PROD0026_V1_STEP001,PROD0026_V1,PROD0026,交易指令接收,交易,交易部,交易部_4号员工,,1.0,0.7,2023-04-30 09:00:00,2023-04-30 09:41:46,已完成
PROD0026_V1_STEP002,PROD0026_V1,PROD0026,交易执行,交易,交易部,交易部_2号员工,STEP001,2.0,1.29,2023-04-30 09:41:46,2023-04-30 10:59:09,已完成
PROD0026_V1_STEP003,PROD0026_V1,PROD0026,交易确认,交易,交易部,交易部_4号员工,STEP002,1.0,0.64,2023-04-30 10:59:09,2023-04-30 11:37:32,已完成
PROD0026_V1_STEP004,PROD0026_V1,PROD0026,清算数据接收,清算,清算部,清算部_2号员工,STEP003,2.0,1.24,2023-04-30 11:37:32,2023-04-30 12:51:41,有问题
PROD0026_V1_STEP005,PROD0026_V1,PROD0026,清算处理,清算,清算部,清算部_3号员工,STEP004,3.0,2.65,2023-04-30 12:51:41,2023-04-30 15:30:36,已完成
PROD0026_V1_STEP006,PROD0026_V1,PROD0026,托管行清算核对,清算,清算部,清算部_5号员工,STEP005,2.0,1.45,2023-04-30 15:30:36,2023-04-30 16:57:23,已完成
PROD0026_V1_STEP007,PROD0026_V1,PROD0026,估值数据准备,估值,估值部,估值部_4号员工,STEP006,2.0,1.28,2023-04-30 16:57:23,2023-04-30 18:13:57,已完成
PROD0026_V1_STEP008,PROD0026_V1,PROD0026,估值计算,估值,估值部,估值部_5号员工,STEP007,3.0,2.58,2023-04-30 18:13:57,2023-04-30 20:48:35,已完成
PROD0026_V1_STEP009,PROD0026_V1,PROD0026,托管行估值核对,估值,估值部,估值部_3号员工,STEP008,2.0,2.2,2023-04-30 20:48:35,2023-04-30 23:00:33,有问题
PROD0026_V1_STEP010,PROD0026_V1,PROD0026,估值结果确认,估值,估值部,估值部_3号员工,STEP009,1.0,0.61,2023-04-30 23:00:33,2023-04-30 23:36:56,已完成
PROD0026_V1_STEP011,PROD0026_V1,PROD0026,信息披露准备,披露,披露部,披露部_3号员工,STEP010,2.0,1.45,2023-04-30 23:36:56,2023-05-01 01:04:09,有问题
PROD0026_V1_STEP012,PROD0026_V1,PROD0026,信息披露审核,披露,披露部,披露部_4号员工,STEP011,2.0,1.19,2023-05-01 01:04:09,2023-05-01 02:15:48,已完成
PROD0026_V1_STEP013,PROD0026_V1,PROD0026,信息披露发布,披露,披露部,披露部_2号员工,STEP012,1.0,0.45,2023-05-01 02:15:48,2023-05-01 02:42:58,已完成
PROD0026_V2_STEP001,PROD0026_V2,PROD0026,交易指令接收,交易,交易部,交易部_4号员工,,1.0,0.5,2023-09-27 09:00:00,2023-09-27 09:30:05,已完成
PROD0026_V2_STEP002,PROD0026_V2,PROD0026,交易执行,交易,交易部,交易部_2号员工,STEP001,2.0,0.81,2023-09-27 09:30:05,2023-09-27 10:18:32,已完成
PROD0026_V2_STEP003,PROD0026_V2,PROD0026,交易确认,交易,交易部,交易部_2号员工,STEP002,1.0,0.67,2023-09-27 10:18:32,2023-09-27 10:58:36,有问题
PROD0026_V2_STEP004,PROD0026_V2,PROD0026,清算数据接收,清算,清算部,清算部_1号员工,STEP003,2.0,1.41,2023-09-27 10:58:36,2023-09-27 12:23:24,有问题
PROD0026_V2_STEP005,PROD0026_V2,PROD0026,清算处理,清算,清算部,清算部_2号员工,STEP004,3.0,2.15,2023-09-27 12:23:24,2023-09-27 14:32:11,有问题
PROD0026_V2_STEP006,PROD0026_V2,PROD0026,托管行清算核对,清算,清算部,清算部_1号员工,STEP005,2.0,1.02,2023-09-27 14:32:11,2023-09-27 15:33:32,已完成
PROD0026_V2_STEP007,PROD0026_V2,PROD0026,估值数据准备,估值,估值部,估值部_1号员工,STEP006,2.0,0.98,2023-09-27 15:33:32,2023-09-27 16:32:28,有问题
PROD0026_V2_STEP008,PROD0026_V2,PROD0026,估值计算,估值,估值部,估值部_4号员工,STEP007,3.0,1.83,2023-09-27 16:32:28,2023-09-27 18:22:06,已完成
PROD0026_V2_STEP009,PROD0026_V2,PROD0026,托管行估值核对,估值,估值部,估值部_1号员工,STEP008,2.0,1.69,2023-09-27 18:22:06,2023-09-27 20:03:29,已完成
PROD0026_V2_STEP010,PROD0026_V2,PROD0026,估值结果确认,估值,估值部,估值部_5号员工,STEP009,1.0,0.68,2023-09-27 20:03:29,2023-09-27 20:44:22,已完成
PROD0026_V2_STEP011,PROD0026_V2,PROD0026,信息披露准备,披露,披露部,披露部_3号员工,STEP010,2.0,0.97,2023-09-27 20:44:22,2023-09-27 21:42:41,有问题
PROD0026_V2_STEP012,PROD0026_V2,PROD0026,信息披露审核,披露,披露部,披露部_1号员工,STEP011,2.0,1.03,2023-09-27 21:42:41,2023-09-27 22:44:38,已完成
PROD0026_V2_STEP013,PROD0026_V2,PROD0026,信息披露发布,披露,披露部,披露部_5号员工,STEP012,1.0,0.7,2023-09-27 22:44:38,2023-09-27 23:26:45,已完成
PROD0027_V1_STEP001,PROD0027_V1,PROD0027,交易指令接收,交易,交易部,交易部_4号员工,,1.0,0.56,2023-04-24 09:00:00,2023-04-24 09:33:35,已完成
PROD0027_V1_STEP002,PROD0027_V1,PROD0027,交易执行,交易,交易部,交易部_1号员工,STEP001,2.0,0.89,2023-04-24 09:33:35,2023-04-24 10:26:59,已完成
PROD0027_V1_STEP003,PROD0027_V1,PROD0027,交易确认,交易,交易部,交易部_1号员工,STEP002,1.0,0.48,2023-04-24 10:26:59,2023-04-24 10:55:37,有问题
PROD0027_V1_STEP004,PROD0027_V1,PROD0027,清算数据接收,清算,清算部,清算部_1号员工,STEP003,2.0,0.92,2023-04-24 10:55:37,2023-04-24 11:50:48,已完成
PROD0027_V1_STEP005,PROD0027_V1,PROD0027,清算处理,清算,清算部,清算部_2号员工,STEP004,2.0,1.98,2023-04-24 11:50:48,2023-04-24 13:49:49,已完成
PROD0027_V1_STEP006,PROD0027_V1,PROD0027,托管行清算核对,清算,清算部,清算部_1号员工,STEP005,2.0,1.46,2023-04-24 13:49:49,2023-04-24 15:17:34,已完成
PROD0027_V1_STEP007,PROD0027_V1,PROD0027,估值数据准备,估值,估值部,估值部_2号员工,STEP006,1.0,0.59,2023-04-24 15:17:34,2023-04-24 15:52:46,已完成
PROD0027_V1_STEP008,PROD0027_V1,PROD0027,估值计算,估值,估值部,估值部_1号员工,STEP007,2.0,1.91,2023-04-24 15:52:46,2023-04-24 17:47:39,有问题
PROD0027_V1_STEP009,PROD0027_V1,PROD0027,托管行估值核对,估值,估值部,估值部_4号员工,STEP008,2.0,1.33,2023-04-24 17:47:39,2023-04-24 19:07:39,已完成
PROD0027_V1_STEP010,PROD0027_V1,PROD0027,估值结果确认,估值,估值部,估值部_5号员工,STEP009,1.0,0.7,2023-04-24 19:07:39,2023-04-24 19:49:29,已完成
PROD0027_V1_STEP011,PROD0027_V1,PROD0027,信息披露准备,披露,披露部,披露部_4号员工,STEP010,1.0,0.62,2023-04-24 19:49:29,2023-04-24 20:26:46,已完成
PROD0027_V1_STEP012,PROD0027_V1,PROD0027,信息披露发布,披露,披露部,披露部_4号员工,STEP011,1.0,0.7,2023-04-24 20:26:46,2023-04-24 21:08:46,已完成
PROD0028_V1_STEP001,PROD0028_V1,PROD0028,交易指令接收,交易,交易部,交易部_4号员工,,1.0,0.69,2023-01-16 09:00:00,2023-01-16 09:41:21,已完成
PROD0028_V1_STEP002,PROD0028_V1,PROD0028,交易执行,交易,交易部,交易部_5号员工,STEP001,2.0,0.84,2023-01-16 09:41:21,2023-01-16 10:32:01,有问题
PROD0028_V1_STEP003,PROD0028_V1,PROD0028,交易确认,交易,交易部,交易部_4号员工,STEP002,1.0,0.58,2023-01-16 10:32:01,2023-01-16 11:06:57,已完成
PROD0028_V1_STEP004,PROD0028_V1,PROD0028,清算数据接收,清算,清算部,清算部_5号员工,STEP003,2.0,1.01,2023-01-16 11:06:57,2023-01-16 12:07:49,已完成
PROD0028_V1_STEP005,PROD0028_V1,PROD0028,清算处理,清算,清算部,清算部_1号员工,STEP004,2.0,2.02,2023-01-16 12:07:49,2023-01-16 14:08:43,有问题
PROD0028_V1_STEP006,PROD0028_V1,PROD0028,托管行清算核对,清算,清算部,清算部_3号员工,STEP005,2.0,1.2,2023-01-16 14:08:43,2023-01-16 15:20:42,已完成
PROD0028_V1_STEP007,PROD0028_V1,PROD0028,估值数据准备,估值,估值部,估值部_1号员工,STEP006,1.0,0.48,2023-01-16 15:20:42,2023-01-16 15:49:40,已完成
PROD0028_V1_STEP008,PROD0028_V1,PROD0028,估值计算,估值,估值部,估值部_5号员工,STEP007,2.0,1.66,2023-01-16 15:49:40,2023-01-16 17:29:02,已完成
PROD0028_V1_STEP009,PROD0028_V1,PROD0028,托管行估值核对,估值,估值部,估值部_4号员工,STEP008,2.0,0.85,2023-01-16 17:29:02,2023-01-16 18:19:58,有问题
PROD0028_V1_STEP010,PROD0028_V1,PROD0028,估值结果确认,估值,估值部,估值部_1号员工,STEP009,1.0,0.41,2023-01-16 18:19:58,2023-01-16 18:44:52,已完成
PROD0028_V1_STEP011,PROD0028_V1,PROD0028,信息披露准备,披露,披露部,披露部_5号员工,STEP010,1.0,0.43,2023-01-16 18:44:52,2023-01-16 19:10:32,已完成
PROD0028_V1_STEP012,PROD0028_V1,PROD0028,信息披露发布,披露,披露部,披露部_4号员工,STEP011,1.0,0.66,2023-01-16 19:10:32,2023-01-16 19:50:04,有问题
PROD0029_V1_STEP001,PROD0029_V1,PROD0029,交易指令接收,交易,交易部,交易部_5号员工,,1.0,0.63,2023-10-11 09:00:00,2023-10-11 09:37:53,有问题
PROD0029_V1_STEP002,PROD0029_V1,PROD0029,交易执行,交易,交易部,交易部_2号员工,STEP001,2.0,0.95,2023-10-11 09:37:53,2023-10-11 10:34:38,已完成
PROD0029_V1_STEP003,PROD0029_V1,PROD0029,清算处理,清算,清算部,清算部_4号员工,STEP002,2.0,2.16,2023-10-11 10:34:38,2023-10-11 12:44:07,已完成
PROD0029_V1_STEP004,PROD0029_V1,PROD0029,托管行清算核对,清算,清算部,清算部_2号员工,STEP003,2.0,1.31,2023-10-11 12:44:07,2023-10-11 14:02:42,已完成
PROD0029_V1_STEP005,PROD0029_V1,PROD0029,估值计算,估值,估值部,估值部_2号员工,STEP004,2.0,1.65,2023-10-11 14:02:42,2023-10-11 15:41:52,已完成
PROD0029_V1_STEP006,PROD0029_V1,PROD0029,托管行估值核对,估值,估值部,估值部_5号员工,STEP005,2.0,1.45,2023-10-11 15:41:52,2023-10-11 17:08:41,有问题
PROD0029_V1_STEP007,PROD0029_V1,PROD0029,信息披露,披露,披露部,披露部_2号员工,STEP006,1.0,0.71,2023-10-11 17:08:41,2023-10-11 17:51:32,有问题
PROD0029_V2_STEP001,PROD0029_V2,PROD0029,交易指令接收,交易,交易部,交易部_1号员工,,1.0,0.68,2023-06-27 09:00:00,2023-06-27 09:40:35,已完成
PROD0029_V2_STEP002,PROD0029_V2,PROD0029,交易执行,交易,交易部,交易部_2号员工,STEP001,2.0,1.08,2023-06-27 09:40:35,2023-06-27 10:45:37,已完成
PROD0029_V2_STEP003,PROD0029_V2,PROD0029,清算处理,清算,清算部,清算部_5号员工,STEP002,2.0,1.92,2023-06-27 10:45:37,2023-06-27 12:41:05,已完成
PROD0029_V2_STEP004,PROD0029_V2,PROD0029,托管行清算核对,清算,清算部,清算部_3号员工,STEP003,2.0,1.31,2023-06-27 12:41:05,2023-06-27 13:59:37,已完成
PROD0029_V2_STEP005,PROD0029_V2,PROD0029,估值计算,估值,估值部,估值部_3号员工,STEP004,2.0,2.14,2023-06-27 13:59:37,2023-06-27 16:07:52,已完成
PROD0029_V2_STEP006,PROD0029_V2,PROD0029,托管行估值核对,估值,估值部,估值部_4号员工,STEP005,2.0,1.35,2023-06-27 16:07:52,2023-06-27 17:28:38,已完成
PROD0029_V2_STEP007,PROD0029_V2,PROD0029,信息披露,披露,披露部,披露部_5号员工,STEP006,1.0,0.6,2023-06-27 17:28:38,2023-06-27 18:04:32,有问题
PROD0030_V1_STEP001,PROD0030_V1,PROD0030,交易指令接收,交易,交易部,交易部_2号员工,,1.0,0.61,2023-11-17 09:00:00,2023-11-17 09:36:33,有问题
PROD0030_V1_STEP002,PROD0030_V1,PROD0030,交易执行,交易,交易部,交易部_4号员工,STEP001,2.0,1.46,2023-11-17 09:36:33,2023-11-17 11:04:03,已完成
PROD0030_V1_STEP003,PROD0030_V1,PROD0030,交易确认,交易,交易部,交易部_3号员工,STEP002,1.0,0.68,2023-11-17 11:04:03,2023-11-17 11:45:04,已完成
PROD0030_V1_STEP004,PROD0030_V1,PROD0030,清算数据接收,清算,清算部,清算部_2号员工,STEP003,2.0,0.87,2023-11-17 11:45:04,2023-11-17 12:37:14,已完成
PROD0030_V1_STEP005,PROD0030_V1,PROD0030,清算处理,清算,清算部,清算部_5号员工,STEP004,2.0,1.48,2023-11-17 12:37:14,2023-11-17 14:06:13,有问题
PROD0030_V1_STEP006,PROD0030_V1,PROD0030,托管行清算核对,清算,清算部,清算部_1号员工,STEP005,2.0,1.45,2023-11-17 14:06:13,2023-11-17 15:33:19,有问题
PROD0030_V1_STEP007,PROD0030_V1,PROD0030,估值数据准备,估值,估值部,估值部_2号员工,STEP006,1.0,0.46,2023-11-17 15:33:19,2023-11-17 16:00:51,已完成
PROD0030_V1_STEP008,PROD0030_V1,PROD0030,估值计算,估值,估值部,估值部_2号员工,STEP007,2.0,2.22,2023-11-17 16:00:51,2023-11-17 18:14:20,已完成
PROD0030_V1_STEP009,PROD0030_V1,PROD0030,托管行估值核对,估值,估值部,估值部_2号员工,STEP008,2.0,0.89,2023-11-17 18:14:20,2023-11-17 19:07:46,已完成
PROD0030_V1_STEP010,PROD0030_V1,PROD0030,估值结果确认,估值,估值部,估值部_5号员工,STEP009,1.0,0.44,2023-11-17 19:07:46,2023-11-17 19:34:08,已完成
PROD0030_V1_STEP011,PROD0030_V1,PROD0030,信息披露准备,披露,披露部,披露部_5号员工,STEP010,1.0,0.68,2023-11-17 19:34:08,2023-11-17 20:14:40,已完成
PROD0030_V1_STEP012,PROD0030_V1,PROD0030,信息披露发布,披露,披露部,披露部_2号员工,STEP011,1.0,0.69,2023-11-17 20:14:40,2023-11-17 20:56:01,已完成
PROD0031_V1_STEP001,PROD0031_V1,PROD0031,交易指令接收,交易,交易部,交易部_1号员工,,0.5,0.26,2023-09-01 09:00:00,2023-09-01 09:15:51,有问题
PROD0031_V1_STEP002,PROD0031_V1,PROD0031,交易执行,交易,交易部,交易部_3号员工,STEP001,1.0,0.74,2023-09-01 09:15:51,2023-09-01 10:00:31,有问题
PROD0031_V1_STEP003,PROD0031_V1,PROD0031,清算处理,清算,清算部,清算部_5号员工,STEP002,1.0,0.74,2023-09-01 10:00:31,2023-09-01 10:44:44,已完成
PROD0031_V1_STEP004,PROD0031_V1,PROD0031,估值计算,估值,估值部,估值部_1号员工,STEP003,1.0,0.61,2023-09-01 10:44:44,2023-09-01 11:21:05,已完成
PROD0031_V1_STEP005,PROD0031_V1,PROD0031,托管行核对,估值,估值部,估值部_4号员工,STEP004,1.0,0.42,2023-09-01 11:21:05,2023-09-01 11:46:06,已完成
PROD0031_V1_STEP006,PROD0031_V1,PROD0031,信息披露,披露,披露部,披露部_3号员工,STEP005,0.5,0.32,2023-09-01 11:46:06,2023-09-01 12:05:19,有问题
PROD0031_V2_STEP001,PROD0031_V2,PROD0031,交易指令接收,交易,交易部,交易部_2号员工,,0.5,0.31,2023-01-12 09:00:00,2023-01-12 09:18:23,有问题
PROD0031_V2_STEP002,PROD0031_V2,PROD0031,交易执行,交易,交易部,交易部_1号员工,STEP001,1.0,0.59,2023-01-12 09:18:23,2023-01-12 09:53:43,已完成
PROD0031_V2_STEP003,PROD0031_V2,PROD0031,清算处理,清算,清算部,清算部_3号员工,STEP002,1.0,0.55,2023-01-12 09:53:43,2023-01-12 10:26:28,已完成
PROD0031_V2_STEP004,PROD0031_V2,PROD0031,估值计算,估值,估值部,估值部_1号员工,STEP003,1.0,0.73,2023-01-12 10:26:28,2023-01-12 11:10:17,有问题
PROD0031_V2_STEP005,PROD0031_V2,PROD0031,托管行核对,估值,估值部,估值部_5号员工,STEP004,1.0,0.47,2023-01-12 11:10:17,2023-01-12 11:38:42,已完成
PROD0031_V2_STEP006,PROD0031_V2,PROD0031,信息披露,披露,披露部,披露部_3号员工,STEP005,0.5,0.36,2023-01-12 11:38:42,2023-01-12 12:00:18,已完成
PROD0032_V1_STEP001,PROD0032_V1,PROD0032,交易指令接收,交易,交易部,交易部_1号员工,,1.0,0.43,2023-01-13 09:00:00,2023-01-13 09:25:45,已完成
PROD0032_V1_STEP002,PROD0032_V1,PROD0032,交易执行,交易,交易部,交易部_1号员工,STEP001,2.0,0.99,2023-01-13 09:25:45,2023-01-13 10:25:17,已完成
PROD0032_V1_STEP003,PROD0032_V1,PROD0032,清算处理,清算,清算部,清算部_3号员工,STEP002,2.0,2.0,2023-01-13 10:25:17,2023-01-13 12:25:28,已完成
PROD0032_V1_STEP004,PROD0032_V1,PROD0032,托管行清算核对,清算,清算部,清算部_1号员工,STEP003,2.0,0.95,2023-01-13 12:25:28,2023-01-13 13:22:29,已完成
PROD0032_V1_STEP005,PROD0032_V1,PROD0032,估值计算,估值,估值部,估值部_3号员工,STEP004,2.0,1.41,2023-01-13 13:22:29,2023-01-13 14:47:17,已完成
PROD0032_V1_STEP006,PROD0032_V1,PROD0032,托管行估值核对,估值,估值部,估值部_2号员工,STEP005,2.0,1.4,2023-01-13 14:47:17,2023-01-13 16:11:21,已完成
PROD0032_V1_STEP007,PROD0032_V1,PROD0032,信息披露,披露,披露部,披露部_3号员工,STEP006,1.0,0.67,2023-01-13 16:11:21,2023-01-13 16:51:24,有问题
PROD0032_V2_STEP001,PROD0032_V2,PROD0032,交易指令接收,交易,交易部,交易部_1号员工,,1.0,0.6,2023-01-23 09:00:00,2023-01-23 09:36:14,已完成
PROD0032_V2_STEP002,PROD0032_V2,PROD0032,交易执行,交易,交易部,交易部_2号员工,STEP001,2.0,1.05,2023-01-23 09:36:14,2023-01-23 10:39:24,有问题
PROD0032_V2_STEP003,PROD0032_V2,PROD0032,清算处理,清算,清算部,清算部_2号员工,STEP002,2.0,1.53,2023-01-23 10:39:24,2023-01-23 12:11:29,已完成
PROD0032_V2_STEP004,PROD0032_V2,PROD0032,托管行清算核对,清算,清算部,清算部_3号员工,STEP003,2.0,0.84,2023-01-23 12:11:29,2023-01-23 13:01:52,已完成
PROD0032_V2_STEP005,PROD0032_V2,PROD0032,估值计算,估值,估值部,估值部_3号员工,STEP004,2.0,1.33,2023-01-23 13:01:52,2023-01-23 14:21:26,已完成
PROD0032_V2_STEP006,PROD0032_V2,PROD0032,托管行估值核对,估值,估值部,估值部_3号员工,STEP005,2.0,1.08,2023-01-23 14:21:26,2023-01-23 15:26:14,已完成
PROD0032_V2_STEP007,PROD0032_V2,PROD0032,信息披露,披露,披露部,披露部_4号员工,STEP006,1.0,0.62,2023-01-23 15:26:14,2023-01-23 16:03:23,已完成
PROD0033_V1_STEP001,PROD0033_V1,PROD0033,交易指令接收,交易,交易部,交易部_2号员工,,1.0,0.61,2023-11-07 09:00:00,2023-11-07 09:36:18,已完成
PROD0033_V1_STEP002,PROD0033_V1,PROD0033,交易执行,交易,交易部,交易部_3号员工,STEP001,2.0,1.17,2023-11-07 09:36:18,2023-11-07 10:46:15,已完成
PROD0033_V1_STEP003,PROD0033_V1,PROD0033,交易确认,交易,交易部,交易部_5号员工,STEP002,1.0,0.55,2023-11-07 10:46:15,2023-11-07 11:19:11,已完成
PROD0033_V1_STEP004,PROD0033_V1,PROD0033,清算数据接收,清算,清算部,清算部_4号员工,STEP003,2.0,1.4,2023-11-07 11:19:11,2023-11-07 12:43:18,有问题
PROD0033_V1_STEP005,PROD0033_V1,PROD0033,清算处理,清算,清算部,清算部_3号员工,STEP004,2.0,1.49,2023-11-07 12:43:18,2023-11-07 14:12:33,已完成
PROD0033_V1_STEP006,PROD0033_V1,PROD0033,托管行清算核对,清算,清算部,清算部_3号员工,STEP005,2.0,0.85,2023-11-07 14:12:33,2023-11-07 15:03:26,已完成
PROD0033_V1_STEP007,PROD0033_V1,PROD0033,估值数据准备,估值,估值部,估值部_5号员工,STEP006,1.0,0.74,2023-11-07 15:03:26,2023-11-07 15:47:57,已完成
PROD0033_V1_STEP008,PROD0033_V1,PROD0033,估值计算,估值,估值部,估值部_5号员工,STEP007,2.0,1.34,2023-11-07 15:47:57,2023-11-07 17:08:06,已完成
PROD0033_V1_STEP009,PROD0033_V1,PROD0033,托管行估值核对,估值,估值部,估值部_3号员工,STEP008,2.0,0.87,2023-11-07 17:08:06,2023-11-07 18:00:15,已完成
PROD0033_V1_STEP010,PROD0033_V1,PROD0033,估值结果确认,估值,估值部,估值部_5号员工,STEP009,1.0,0.59,2023-11-07 18:00:15,2023-11-07 18:35:41,有问题
PROD0033_V1_STEP011,PROD0033_V1,PROD0033,信息披露准备,披露,披露部,披露部_1号员工,STEP010,1.0,0.5,2023-11-07 18:35:41,2023-11-07 19:05:36,已完成
PROD0033_V1_STEP012,PROD0033_V1,PROD0033,信息披露发布,披露,披露部,披露部_2号员工,STEP011,1.0,0.72,2023-11-07 19:05:36,2023-11-07 19:49:00,已完成
PROD0033_V2_STEP001,PROD0033_V2,PROD0033,交易指令接收,交易,交易部,交易部_1号员工,,1.0,0.63,2023-06-16 09:00:00,2023-06-16 09:38:05,有问题
PROD0033_V2_STEP002,PROD0033_V2,PROD0033,交易执行,交易,交易部,交易部_2号员工,STEP001,2.0,1.03,2023-06-16 09:38:05,2023-06-16 10:40:09,有问题
PROD0033_V2_STEP003,PROD0033_V2,PROD0033,交易确认,交易,交易部,交易部_1号员工,STEP002,1.0,0.6,2023-06-16 10:40:09,2023-06-16 11:16:19,有问题
PROD0033_V2_STEP004,PROD0033_V2,PROD0033,清算数据接收,清算,清算部,清算部_1号员工,STEP003,2.0,0.85,2023-06-16 11:16:19,2023-06-16 12:07:21,有问题
PROD0033_V2_STEP005,PROD0033_V2,PROD0033,清算处理,清算,清算部,清算部_4号员工,STEP004,2.0,2.18,2023-06-16 12:07:21,2023-06-16 14:18:00,已完成
PROD0033_V2_STEP006,PROD0033_V2,PROD0033,托管行清算核对,清算,清算部,清算部_1号员工,STEP005,2.0,1.2,2023-06-16 14:18:00,2023-06-16 15:29:47,已完成
PROD0033_V2_STEP007,PROD0033_V2,PROD0033,估值数据准备,估值,估值部,估值部_3号员工,STEP006,1.0,0.47,2023-06-16 15:29:47,2023-06-16 15:58:06,已完成
PROD0033_V2_STEP008,PROD0033_V2,PROD0033,估值计算,估值,估值部,估值部_4号员工,STEP007,2.0,1.29,2023-06-16 15:58:06,2023-06-16 17:15:23,已完成
PROD0033_V2_STEP009,PROD0033_V2,PROD0033,托管行估值核对,估值,估值部,估值部_2号员工,STEP008,2.0,1.12,2023-06-16 17:15:23,2023-06-16 18:22:46,有问题
PROD0033_V2_STEP010,PROD0033_V2,PROD0033,估值结果确认,估值,估值部,估值部_5号员工,STEP009,1.0,0.45,2023-06-16 18:22:46,2023-06-16 18:49:37,有问题
PROD0033_V2_STEP011,PROD0033_V2,PROD0033,信息披露准备,披露,披露部,披露部_1号员工,STEP010,1.0,0.56,2023-06-16 18:49:37,2023-06-16 19:23:22,已完成
PROD0033_V2_STEP012,PROD0033_V2,PROD0033,信息披露发布,披露,披露部,披露部_5号员工,STEP011,1.0,0.49,2023-06-16 19:23:22,2023-06-16 19:52:33,已完成
PROD0034_V1_STEP001,PROD0034_V1,PROD0034,交易指令接收,交易,交易部,交易部_1号员工,,1.0,0.65,2023-09-04 09:00:00,2023-09-04 09:39:14,已完成
PROD0034_V1_STEP002,PROD0034_V1,PROD0034,交易执行,交易,交易部,交易部_4号员工,STEP001,2.0,0.94,2023-09-04 09:39:14,2023-09-04 10:35:29,已完成
PROD0034_V1_STEP003,PROD0034_V1,PROD0034,交易确认,交易,交易部,交易部_3号员工,STEP002,1.0,0.75,2023-09-04 10:35:29,2023-09-04 11:20:26,已完成
PROD0034_V1_STEP004,PROD0034_V1,PROD0034,清算数据接收,清算,清算部,清算部_2号员工,STEP003,2.0,1.17,2023-09-04 11:20:26,2023-09-04 12:30:33,已完成
PROD0034_V1_STEP005,PROD0034_V1,PROD0034,清算处理,清算,清算部,清算部_2号员工,STEP004,3.0,1.87,2023-09-04 12:30:33,2023-09-04 14:22:31,已完成
PROD0034_V1_STEP006,PROD0034_V1,PROD0034,托管行清算核对,清算,清算部,清算部_1号员工,STEP005,2.0,1.09,2023-09-04 14:22:31,2023-09-04 15:27:48,已完成
PROD0034_V1_STEP007,PROD0034_V1,PROD0034,估值数据准备,估值,估值部,估值部_5号员工,STEP006,2.0,1.49,2023-09-04 15:27:48,2023-09-04 16:57:21,已完成
PROD0034_V1_STEP008,PROD0034_V1,PROD0034,估值计算,估值,估值部,估值部_4号员工,STEP007,3.0,2.23,2023-09-04 16:57:21,2023-09-04 19:10:53,有问题
PROD0034_V1_STEP009,PROD0034_V1,PROD0034,托管行估值核对,估值,估值部,估值部_5号员工,STEP008,2.0,1.63,2023-09-04 19:10:53,2023-09-04 20:48:27,已完成
PROD0034_V1_STEP010,PROD0034_V1,PROD0034,估值结果确认,估值,估值部,估值部_5号员工,STEP009,1.0,0.7,2023-09-04 20:48:27,2023-09-04 21:30:12,已完成
PROD0034_V1_STEP011,PROD0034_V1,PROD0034,信息披露准备,披露,披露部,披露部_1号员工,STEP010,2.0,1.4,2023-09-04 21:30:12,2023-09-04 22:54:11,已完成
PROD0034_V1_STEP012,PROD0034_V1,PROD0034,信息披露审核,披露,披露部,披露部_4号员工,STEP011,2.0,1.04,2023-09-04 22:54:11,2023-09-04 23:56:34,有问题
PROD0034_V1_STEP013,PROD0034_V1,PROD0034,信息披露发布,披露,披露部,披露部_3号员工,STEP012,1.0,0.44,2023-09-04 23:56:34,2023-09-05 00:23:00,有问题
PROD0034_V2_STEP001,PROD0034_V2,PROD0034,交易指令接收,交易,交易部,交易部_1号员工,,1.0,0.73,2023-04-14 09:00:00,2023-04-14 09:43:44,已完成
PROD0034_V2_STEP002,PROD0034_V2,PROD0034,交易执行,交易,交易部,交易部_5号员工,STEP001,2.0,0.95,2023-04-14 09:43:44,2023-04-14 10:40:53,已完成
PROD0034_V2_STEP003,PROD0034_V2,PROD0034,交易确认,交易,交易部,交易部_5号员工,STEP002,1.0,0.54,2023-04-14 10:40:53,2023-04-14 11:13:24,有问题
PROD0034_V2_STEP004,PROD0034_V2,PROD0034,清算数据接收,清算,清算部,清算部_1号员工,STEP003,2.0,1.24,2023-04-14 11:13:24,2023-04-14 12:27:33,有问题
PROD0034_V2_STEP005,PROD0034_V2,PROD0034,清算处理,清算,清算部,清算部_2号员工,STEP004,3.0,2.61,2023-04-14 12:27:33,2023-04-14 15:04:06,有问题
PROD0034_V2_STEP006,PROD0034_V2,PROD0034,托管行清算核对,清算,清算部,清算部_2号员工,STEP005,2.0,1.29,2023-04-14 15:04:06,2023-04-14 16:21:41,已完成
PROD0034_V2_STEP007,PROD0034_V2,PROD0034,估值数据准备,估值,估值部,估值部_4号员工,STEP006,2.0,1.31,2023-04-14 16:21:41,2023-04-14 17:40:27,有问题
PROD0034_V2_STEP008,PROD0034_V2,PROD0034,估值计算,估值,估值部,估值部_4号员工,STEP007,3.0,2.97,2023-04-14 17:40:27,2023-04-14 20:38:37,已完成
PROD0034_V2_STEP009,PROD0034_V2,PROD0034,托管行估值核对,估值,估值部,估值部_3号员工,STEP008,2.0,1.89,2023-04-14 20:38:37,2023-04-14 22:31:58,有问题
PROD0034_V2_STEP010,PROD0034_V2,PROD0034,估值结果确认,估值,估值部,估值部_5号员工,STEP009,1.0,0.53,2023-04-14 22:31:58,2023-04-14 23:03:33,已完成
PROD0034_V2_STEP011,PROD0034_V2,PROD0034,信息披露准备,披露,披露部,披露部_2号员工,STEP010,2.0,1.05,2023-04-14 23:03:33,2023-04-15 00:06:28,已完成
PROD0034_V2_STEP012,PROD0034_V2,PROD0034,信息披露审核,披露,披露部,披露部_1号员工,STEP011,2.0,1.22,2023-04-15 00:06:28,2023-04-15 01:19:30,有问题
PROD0034_V2_STEP013,PROD0034_V2,PROD0034,信息披露发布,披露,披露部,披露部_2号员工,STEP012,1.0,0.42,2023-04-15 01:19:30,2023-04-15 01:44:54,已完成
PROD0035_V1_STEP001,PROD0035_V1,PROD0035,交易指令接收,交易,交易部,交易部_1号员工,,1.0,0.67,2023-04-13 09:00:00,2023-04-13 09:39:55,已完成
PROD0035_V1_STEP002,PROD0035_V1,PROD0035,交易执行,交易,交易部,交易部_4号员工,STEP001,2.0,1.38,2023-04-13 09:39:55,2023-04-13 11:02:49,已完成
PROD0035_V1_STEP003,PROD0035_V1,PROD0035,清算处理,清算,清算部,清算部_4号员工,STEP002,2.0,1.96,2023-04-13 11:02:49,2023-04-13 13:00:28,已完成
PROD0035_V1_STEP004,PROD0035_V1,PROD0035,托管行清算核对,清算,清算部,清算部_4号员工,STEP003,2.0,1.45,2023-04-13 13:00:28,2023-04-13 14:27:10,已完成
PROD0035_V1_STEP005,PROD0035_V1,PROD0035,估值计算,估值,估值部,估值部_3号员工,STEP004,2.0,1.67,2023-04-13 14:27:10,2023-04-13 16:07:29,有问题
PROD0035_V1_STEP006,PROD0035_V1,PROD0035,托管行估值核对,估值,估值部,估值部_5号员工,STEP005,2.0,1.25,2023-04-13 16:07:29,2023-04-13 17:22:13,已完成
PROD0035_V1_STEP007,PROD0035_V1,PROD0035,信息披露,披露,披露部,披露部_4号员工,STEP006,1.0,0.49,2023-04-13 17:22:13,2023-04-13 17:51:28,已完成
PROD0036_V1_STEP001,PROD0036_V1,PROD0036,交易指令接收,交易,交易部,交易部_5号员工,,1.0,0.54,2023-08-17 09:00:00,2023-08-17 09:32:22,已完成
PROD0036_V1_STEP002,PROD0036_V1,PROD0036,交易执行,交易,交易部,交易部_5号员工,STEP001,2.0,1.13,2023-08-17 09:32:22,2023-08-17 10:39:58,有问题
PROD0036_V1_STEP003,PROD0036_V1,PROD0036,清算处理,清算,清算部,清算部_3号员工,STEP002,2.0,1.89,2023-08-17 10:39:58,2023-08-17 12:33:26,已完成
PROD0036_V1_STEP004,PROD0036_V1,PROD0036,托管行清算核对,清算,清算部,清算部_4号员工,STEP003,2.0,1.39,2023-08-17 12:33:26,2023-08-17 13:56:37,已完成
PROD0036_V1_STEP005,PROD0036_V1,PROD0036,估值计算,估值,估值部,估值部_3号员工,STEP004,2.0,1.55,2023-08-17 13:56:37,2023-08-17 15:29:44,已完成
PROD0036_V1_STEP006,PROD0036_V1,PROD0036,托管行估值核对,估值,估值部,估值部_1号员工,STEP005,2.0,1.07,2023-08-17 15:29:44,2023-08-17 16:34:07,已完成
PROD0036_V1_STEP007,PROD0036_V1,PROD0036,信息披露,披露,披露部,披露部_2号员工,STEP006,1.0,0.45,2023-08-17 16:34:07,2023-08-17 17:00:50,已完成
PROD0036_V2_STEP001,PROD0036_V2,PROD0036,交易指令接收,交易,交易部,交易部_2号员工,,1.0,0.5,2023-09-09 09:00:00,2023-09-09 09:29:58,已完成
PROD0036_V2_STEP002,PROD0036_V2,PROD0036,交易执行,交易,交易部,交易部_4号员工,STEP001,2.0,1.02,2023-09-09 09:29:58,2023-09-09 10:31:13,已完成
PROD0036_V2_STEP003,PROD0036_V2,PROD0036,清算处理,清算,清算部,清算部_5号员工,STEP002,2.0,1.54,2023-09-09 10:31:13,2023-09-09 12:03:35,有问题
PROD0036_V2_STEP004,PROD0036_V2,PROD0036,托管行清算核对,清算,清算部,清算部_2号员工,STEP003,2.0,1.26,2023-09-09 12:03:35,2023-09-09 13:19:08,已完成
PROD0036_V2_STEP005,PROD0036_V2,PROD0036,估值计算,估值,估值部,估值部_5号员工,STEP004,2.0,1.22,2023-09-09 13:19:08,2023-09-09 14:32:08,有问题
PROD0036_V2_STEP006,PROD0036_V2,PROD0036,托管行估值核对,估值,估值部,估值部_1号员工,STEP005,2.0,1.15,2023-09-09 14:32:08,2023-09-09 15:41:09,已完成
PROD0036_V2_STEP007,PROD0036_V2,PROD0036,信息披露,披露,披露部,披露部_3号员工,STEP006,1.0,0.61,2023-09-09 15:41:09,2023-09-09 16:17:52,有问题
PROD0037_V1_STEP001,PROD0037_V1,PROD0037,交易指令接收,交易,交易部,交易部_5号员工,,1.0,0.72,2023-11-04 09:00:00,2023-11-04 09:43:06,有问题
PROD0037_V1_STEP002,PROD0037_V1,PROD0037,交易执行,交易,交易部,交易部_2号员工,STEP001,2.0,1.04,2023-11-04 09:43:06,2023-11-04 10:45:31,已完成
PROD0037_V1_STEP003,PROD0037_V1,PROD0037,交易确认,交易,交易部,交易部_2号员工,STEP002,1.0,0.68,2023-11-04 10:45:31,2023-11-04 11:26:36,已完成
PROD0037_V1_STEP004,PROD0037_V1,PROD0037,清算数据接收,清算,清算部,清算部_4号员工,STEP003,2.0,1.46,2023-11-04 11:26:36,2023-11-04 12:54:01,已完成
PROD0037_V1_STEP005,PROD0037_V1,PROD0037,清算处理,清算,清算部,清算部_1号员工,STEP004,3.0,2.42,2023-11-04 12:54:01,2023-11-04 15:19:19,有问题
PROD0037_V1_STEP006,PROD0037_V1,PROD0037,托管行清算核对,清算,清算部,清算部_4号员工,STEP005,2.0,0.81,2023-11-04 15:19:19,2023-11-04 16:08:03,已完成
PROD0037_V1_STEP007,PROD0037_V1,PROD0037,估值数据准备,估值,估值部,估值部_5号员工,STEP006,2.0,1.27,2023-11-04 16:08:03,2023-11-04 17:24:19,有问题
PROD0037_V1_STEP008,PROD0037_V1,PROD0037,估值计算,估值,估值部,估值部_3号员工,STEP007,3.0,2.46,2023-11-04 17:24:19,2023-11-04 19:51:38,有问题
PROD0037_V1_STEP009,PROD0037_V1,PROD0037,托管行估值核对,估值,估值部,估值部_4号员工,STEP008,2.0,1.32,2023-11-04 19:51:38,2023-11-04 21:10:50,有问题
PROD0037_V1_STEP010,PROD0037_V1,PROD0037,估值结果确认,估值,估值部,估值部_4号员工,STEP009,1.0,0.58,2023-11-04 21:10:50,2023-11-04 21:45:24,已完成
PROD0037_V1_STEP011,PROD0037_V1,PROD0037,信息披露准备,披露,披露部,披露部_3号员工,STEP010,2.0,1.09,2023-11-04 21:45:24,2023-11-04 22:50:57,已完成
PROD0037_V1_STEP012,PROD0037_V1,PROD0037,信息披露审核,披露,披露部,披露部_3号员工,STEP011,2.0,1.06,2023-11-04 22:50:57,2023-11-04 23:54:22,有问题
PROD0037_V1_STEP013,PROD0037_V1,PROD0037,信息披露发布,披露,披露部,披露部_5号员工,STEP012,1.0,0.72,2023-11-04 23:54:22,2023-11-05 00:37:28,有问题
PROD0038_V1_STEP001,PROD0038_V1,PROD0038,交易指令接收,交易,交易部,交易部_2号员工,,1.0,0.49,2023-10-04 09:00:00,2023-10-04 09:29:12,已完成
PROD0038_V1_STEP002,PROD0038_V1,PROD0038,交易执行,交易,交易部,交易部_2号员工,STEP001,2.0,1.02,2023-10-04 09:29:12,2023-10-04 10:30:41,已完成
PROD0038_V1_STEP003,PROD0038_V1,PROD0038,交易确认,交易,交易部,交易部_1号员工,STEP002,1.0,0.55,2023-10-04 10:30:41,2023-10-04 11:03:43,已完成
PROD0038_V1_STEP004,PROD0038_V1,PROD0038,清算数据接收,清算,清算部,清算部_2号员工,STEP003,2.0,1.09,2023-10-04 11:03:43,2023-10-04 12:09:11,已完成
PROD0038_V1_STEP005,PROD0038_V1,PROD0038,清算处理,清算,清算部,清算部_3号员工,STEP004,3.0,2.6,2023-10-04 12:09:11,2023-10-04 14:45:17,已完成
PROD0038_V1_STEP006,PROD0038_V1,PROD0038,托管行清算核对,清算,清算部,清算部_2号员工,STEP005,2.0,0.89,2023-10-04 14:45:17,2023-10-04 15:38:56,有问题
PROD0038_V1_STEP007,PROD0038_V1,PROD0038,估值数据准备,估值,估值部,估值部_1号员工,STEP006,2.0,0.83,2023-10-04 15:38:56,2023-10-04 16:28:39,有问题
PROD0038_V1_STEP008,PROD0038_V1,PROD0038,估值计算,估值,估值部,估值部_3号员工,STEP007,3.0,2.65,2023-10-04 16:28:39,2023-10-04 19:07:27,有问题
PROD0038_V1_STEP009,PROD0038_V1,PROD0038,托管行估值核对,估值,估值部,估值部_3号员工,STEP008,2.0,1.72,2023-10-04 19:07:27,2023-10-04 20:50:44,有问题
PROD0038_V1_STEP010,PROD0038_V1,PROD0038,估值结果确认,估值,估值部,估值部_2号员工,STEP009,1.0,0.43,2023-10-04 20:50:44,2023-10-04 21:16:37,已完成
PROD0038_V1_STEP011,PROD0038_V1,PROD0038,信息披露准备,披露,披露部,披露部_3号员工,STEP010,2.0,1.23,2023-10-04 21:16:37,2023-10-04 22:30:29,已完成
PROD0038_V1_STEP012,PROD0038_V1,PROD0038,信息披露审核,披露,披露部,披露部_3号员工,STEP011,2.0,0.83,2023-10-04 22:30:29,2023-10-04 23:20:14,已完成
PROD0038_V1_STEP013,PROD0038_V1,PROD0038,信息披露发布,披露,披露部,披露部_1号员工,STEP012,1.0,0.47,2023-10-04 23:20:14,2023-10-04 23:48:32,已完成
PROD0038_V2_STEP001,PROD0038_V2,PROD0038,交易指令接收,交易,交易部,交易部_3号员工,,1.0,0.47,2023-05-06 09:00:00,2023-05-06 09:28:23,已完成
PROD0038_V2_STEP002,PROD0038_V2,PROD0038,交易执行,交易,交易部,交易部_2号员工,STEP001,2.0,1.4,2023-05-06 09:28:23,2023-05-06 10:52:11,已完成
PROD0038_V2_STEP003,PROD0038_V2,PROD0038,交易确认,交易,交易部,交易部_4号员工,STEP002,1.0,0.5,2023-05-06 10:52:11,2023-05-06 11:22:17,已完成
PROD0038_V2_STEP004,PROD0038_V2,PROD0038,清算数据接收,清算,清算部,清算部_3号员工,STEP003,2.0,1.07,2023-05-06 11:22:17,2023-05-06 12:26:32,已完成
PROD0038_V2_STEP005,PROD0038_V2,PROD0038,清算处理,清算,清算部,清算部_3号员工,STEP004,3.0,1.72,2023-05-06 12:26:32,2023-05-06 14:09:29,已完成
PROD0038_V2_STEP006,PROD0038_V2,PROD0038,托管行清算核对,清算,清算部,清算部_2号员工,STEP005,2.0,0.87,2023-05-06 14:09:29,2023-05-06 15:01:34,已完成
PROD0038_V2_STEP007,PROD0038_V2,PROD0038,估值数据准备,估值,估值部,估值部_5号员工,STEP006,2.0,1.23,2023-05-06 15:01:34,2023-05-06 16:15:08,已完成
PROD0038_V2_STEP008,PROD0038_V2,PROD0038,估值计算,估值,估值部,估值部_2号员工,STEP007,3.0,2.72,2023-05-06 16:15:08,2023-05-06 18:58:22,已完成
PROD0038_V2_STEP009,PROD0038_V2,PROD0038,托管行估值核对,估值,估值部,估值部_1号员工,STEP008,2.0,2.08,2023-05-06 18:58:22,2023-05-06 21:03:08,有问题
PROD0038_V2_STEP010,PROD0038_V2,PROD0038,估值结果确认,估值,估值部,估值部_3号员工,STEP009,1.0,0.5,2023-05-06 21:03:08,2023-05-06 21:33:06,已完成
PROD0038_V2_STEP011,PROD0038_V2,PROD0038,信息披露准备,披露,披露部,披露部_4号员工,STEP010,2.0,1.49,2023-05-06 21:33:06,2023-05-06 23:02:37,有问题
PROD0038_V2_STEP012,PROD0038_V2,PROD0038,信息披露审核,披露,披露部,披露部_5号员工,STEP011,2.0,1.19,2023-05-06 23:02:37,2023-05-07 00:13:55,已完成
PROD0038_V2_STEP013,PROD0038_V2,PROD0038,信息披露发布,披露,披露部,披露部_5号员工,STEP012,1.0,0.52,2023-05-07 00:13:55,2023-05-07 00:45:16,已完成
PROD0039_V1_STEP001,PROD0039_V1,PROD0039,交易指令接收,交易,交易部,交易部_2号员工,,1.0,0.5,2023-06-13 09:00:00,2023-06-13 09:29:59,已完成
PROD0039_V1_STEP002,PROD0039_V1,PROD0039,交易执行,交易,交易部,交易部_3号员工,STEP001,2.0,1.4,2023-06-13 09:29:59,2023-06-13 10:54:13,已完成
PROD0039_V1_STEP003,PROD0039_V1,PROD0039,交易确认,交易,交易部,交易部_4号员工,STEP002,1.0,0.62,2023-06-13 10:54:13,2023-06-13 11:31:30,已完成
PROD0039_V1_STEP004,PROD0039_V1,PROD0039,清算数据接收,清算,清算部,清算部_1号员工,STEP003,2.0,0.93,2023-06-13 11:31:30,2023-06-13 12:27:21,已完成
PROD0039_V1_STEP005,PROD0039_V1,PROD0039,清算处理,清算,清算部,清算部_3号员工,STEP004,2.0,1.65,2023-06-13 12:27:21,2023-06-13 14:06:18,有问题
PROD0039_V1_STEP006,PROD0039_V1,PROD0039,托管行清算核对,清算,清算部,清算部_3号员工,STEP005,2.0,1.42,2023-06-13 14:06:18,2023-06-13 15:31:33,已完成
PROD0039_V1_STEP007,PROD0039_V1,PROD0039,估值数据准备,估值,估值部,估值部_5号员工,STEP006,1.0,0.53,2023-06-13 15:31:33,2023-06-13 16:03:22,已完成
PROD0039_V1_STEP008,PROD0039_V1,PROD0039,估值计算,估值,估值部,估值部_1号员工,STEP007,2.0,2.17,2023-06-13 16:03:22,2023-06-13 18:13:28,有问题
PROD0039_V1_STEP009,PROD0039_V1,PROD0039,托管行估值核对,估值,估值部,估值部_1号员工,STEP008,2.0,1.12,2023-06-13 18:13:28,2023-06-13 19:20:38,已完成
PROD0039_V1_STEP010,PROD0039_V1,PROD0039,估值结果确认,估值,估值部,估值部_3号员工,STEP009,1.0,0.61,2023-06-13 19:20:38,2023-06-13 19:56:56,已完成
PROD0039_V1_STEP011,PROD0039_V1,PROD0039,信息披露准备,披露,披露部,披露部_1号员工,STEP010,1.0,0.54,2023-06-13 19:56:56,2023-06-13 20:29:29,已完成
PROD0039_V1_STEP012,PROD0039_V1,PROD0039,信息披露发布,披露,披露部,披露部_4号员工,STEP011,1.0,0.74,2023-06-13 20:29:29,2023-06-13 21:14:10,有问题
PROD0039_V2_STEP001,PROD0039_V2,PROD0039,交易指令接收,交易,交易部,交易部_5号员工,,1.0,0.64,2023-03-09 09:00:00,2023-03-09 09:38:34,有问题
PROD0039_V2_STEP002,PROD0039_V2,PROD0039,交易执行,交易,交易部,交易部_2号员工,STEP001,2.0,0.9,2023-03-09 09:38:34,2023-03-09 10:32:34,有问题
PROD0039_V2_STEP003,PROD0039_V2,PROD0039,交易确认,交易,交易部,交易部_3号员工,STEP002,1.0,0.42,2023-03-09 10:32:34,2023-03-09 10:57:38,有问题
PROD0039_V2_STEP004,PROD0039_V2,PROD0039,清算数据接收,清算,清算部,清算部_1号员工,STEP003,2.0,1.03,2023-03-09 10:57:38,2023-03-09 11:59:32,已完成
PROD0039_V2_STEP005,PROD0039_V2,PROD0039,清算处理,清算,清算部,清算部_4号员工,STEP004,2.0,1.5,2023-03-09 11:59:32,2023-03-09 13:29:47,已完成
PROD0039_V2_STEP006,PROD0039_V2,PROD0039,托管行清算核对,清算,清算部,清算部_1号员工,STEP005,2.0,1.31,2023-03-09 13:29:47,2023-03-09 14:48:24,已完成
PROD0039_V2_STEP007,PROD0039_V2,PROD0039,估值数据准备,估值,估值部,估值部_5号员工,STEP006,1.0,0.58,2023-03-09 14:48:24,2023-03-09 15:23:24,已完成
PROD0039_V2_STEP008,PROD0039_V2,PROD0039,估值计算,估值,估值部,估值部_5号员工,STEP007,2.0,1.67,2023-03-09 15:23:24,2023-03-09 17:03:50,有问题
PROD0039_V2_STEP009,PROD0039_V2,PROD0039,托管行估值核对,估值,估值部,估值部_4号员工,STEP008,2.0,1.31,2023-03-09 17:03:50,2023-03-09 18:22:35,已完成
PROD0039_V2_STEP010,PROD0039_V2,PROD0039,估值结果确认,估值,估值部,估值部_1号员工,STEP009,1.0,0.41,2023-03-09 18:22:35,2023-03-09 18:47:02,有问题
PROD0039_V2_STEP011,PROD0039_V2,PROD0039,信息披露准备,披露,披露部,披露部_3号员工,STEP010,1.0,0.45,2023-03-09 18:47:02,2023-03-09 19:14:06,已完成
PROD0039_V2_STEP012,PROD0039_V2,PROD0039,信息披露发布,披露,披露部,披露部_4号员工,STEP011,1.0,0.74,2023-03-09 19:14:06,2023-03-09 19:58:35,已完成
PROD0040_V1_STEP001,PROD0040_V1,PROD0040,交易指令接收,交易,交易部,交易部_3号员工,,1.0,0.41,2023-08-16 09:00:00,2023-08-16 09:24:30,已完成
PROD0040_V1_STEP002,PROD0040_V1,PROD0040,交易执行,交易,交易部,交易部_1号员工,STEP001,2.0,1.09,2023-08-16 09:24:30,2023-08-16 10:29:55,已完成
PROD0040_V1_STEP003,PROD0040_V1,PROD0040,交易确认,交易,交易部,交易部_1号员工,STEP002,1.0,0.59,2023-08-16 10:29:55,2023-08-16 11:05:20,已完成
PROD0040_V1_STEP004,PROD0040_V1,PROD0040,清算数据接收,清算,清算部,清算部_5号员工,STEP003,2.0,0.86,2023-08-16 11:05:20,2023-08-16 11:56:38,已完成
PROD0040_V1_STEP005,PROD0040_V1,PROD0040,清算处理,清算,清算部,清算部_2号员工,STEP004,2.0,1.97,2023-08-16 11:56:38,2023-08-16 13:54:50,已完成
PROD0040_V1_STEP006,PROD0040_V1,PROD0040,托管行清算核对,清算,清算部,清算部_5号员工,STEP005,2.0,1.21,2023-08-16 13:54:50,2023-08-16 15:07:32,已完成
PROD0040_V1_STEP007,PROD0040_V1,PROD0040,估值数据准备,估值,估值部,估值部_1号员工,STEP006,1.0,0.75,2023-08-16 15:07:32,2023-08-16 15:52:16,已完成
PROD0040_V1_STEP008,PROD0040_V1,PROD0040,估值计算,估值,估值部,估值部_5号员工,STEP007,2.0,1.5,2023-08-16 15:52:16,2023-08-16 17:22:12,有问题
PROD0040_V1_STEP009,PROD0040_V1,PROD0040,托管行估值核对,估值,估值部,估值部_3号员工,STEP008,2.0,1.22,2023-08-16 17:22:12,2023-08-16 18:35:39,有问题
PROD0040_V1_STEP010,PROD0040_V1,PROD0040,估值结果确认,估值,估值部,估值部_5号员工,STEP009,1.0,0.74,2023-08-16 18:35:39,2023-08-16 19:19:59,已完成
PROD0040_V1_STEP011,PROD0040_V1,PROD0040,信息披露准备,披露,披露部,披露部_5号员工,STEP010,1.0,0.62,2023-08-16 19:19:59,2023-08-16 19:57:16,有问题
PROD0040_V1_STEP012,PROD0040_V1,PROD0040,信息披露发布,披露,披露部,披露部_3号员工,STEP011,1.0,0.49,2023-08-16 19:57:16,2023-08-16 20:26:57,已完成
PROD0041_V1_STEP001,PROD0041_V1,PROD0041,交易指令接收,交易,交易部,交易部_2号员工,,0.5,0.33,2023-10-15 09:00:00,2023-10-15 09:19:58,已完成
PROD0041_V1_STEP002,PROD0041_V1,PROD0041,交易执行,交易,交易部,交易部_3号员工,STEP001,1.0,0.41,2023-10-15 09:19:58,2023-10-15 09:44:39,已完成
PROD0041_V1_STEP003,PROD0041_V1,PROD0041,清算处理,清算,清算部,清算部_4号员工,STEP002,1.0,0.69,2023-10-15 09:44:39,2023-10-15 10:25:51,已完成
PROD0041_V1_STEP004,PROD0041_V1,PROD0041,估值计算,估值,估值部,估值部_1号员工,STEP003,1.0,0.6,2023-10-15 10:25:51,2023-10-15 11:01:48,有问题
PROD0041_V1_STEP005,PROD0041_V1,PROD0041,托管行核对,估值,估值部,估值部_1号员工,STEP004,1.0,0.74,2023-10-15 11:01:48,2023-10-15 11:46:29,已完成
PROD0041_V1_STEP006,PROD0041_V1,PROD0041,信息披露,披露,披露部,披露部_5号员工,STEP005,0.5,0.37,2023-10-15 11:46:29,2023-10-15 12:08:30,已完成
PROD0042_V1_STEP001,PROD0042_V1,PROD0042,交易指令接收,交易,交易部,交易部_4号员工,,1.0,0.74,2023-07-04 09:00:00,2023-07-04 09:44:19,已完成
PROD0042_V1_STEP002,PROD0042_V1,PROD0042,交易执行,交易,交易部,交易部_2号员工,STEP001,2.0,1.31,2023-07-04 09:44:19,2023-07-04 11:02:59,已完成
PROD0042_V1_STEP003,PROD0042_V1,PROD0042,交易确认,交易,交易部,交易部_5号员工,STEP002,1.0,0.61,2023-07-04 11:02:59,2023-07-04 11:39:19,已完成
PROD0042_V1_STEP004,PROD0042_V1,PROD0042,清算数据接收,清算,清算部,清算部_3号员工,STEP003,2.0,1.1,2023-07-04 11:39:19,2023-07-04 12:45:18,已完成
PROD0042_V1_STEP005,PROD0042_V1,PROD0042,清算处理,清算,清算部,清算部_1号员工,STEP004,3.0,1.96,2023-07-04 12:45:18,2023-07-04 14:42:49,有问题
PROD0042_V1_STEP006,PROD0042_V1,PROD0042,托管行清算核对,清算,清算部,清算部_3号员工,STEP005,2.0,1.32,2023-07-04 14:42:49,2023-07-04 16:01:49,已完成
PROD0042_V1_STEP007,PROD0042_V1,PROD0042,估值数据准备,估值,估值部,估值部_4号员工,STEP006,2.0,1.32,2023-07-04 16:01:49,2023-07-04 17:21:17,已完成
PROD0042_V1_STEP008,PROD0042_V1,PROD0042,估值计算,估值,估值部,估值部_4号员工,STEP007,3.0,2.21,2023-07-04 17:21:17,2023-07-04 19:34:01,已完成
PROD0042_V1_STEP009,PROD0042_V1,PROD0042,托管行估值核对,估值,估值部,估值部_5号员工,STEP008,2.0,1.87,2023-07-04 19:34:01,2023-07-04 21:25:59,已完成
PROD0042_V1_STEP010,PROD0042_V1,PROD0042,估值结果确认,估值,估值部,估值部_1号员工,STEP009,1.0,0.47,2023-07-04 21:25:59,2023-07-04 21:53:56,已完成
PROD0042_V1_STEP011,PROD0042_V1,PROD0042,信息披露准备,披露,披露部,披露部_3号员工,STEP010,2.0,1.44,2023-07-04 21:53:56,2023-07-04 23:20:19,有问题
PROD0042_V1_STEP012,PROD0042_V1,PROD0042,信息披露审核,披露,披露部,披露部_3号员工,STEP011,2.0,1.3,2023-07-04 23:20:19,2023-07-05 00:38:30,有问题
PROD0042_V1_STEP013,PROD0042_V1,PROD0042,信息披露发布,披露,披露部,披露部_4号员工,STEP012,1.0,0.66,2023-07-05 00:38:30,2023-07-05 01:18:13,有问题
PROD0042_V2_STEP001,PROD0042_V2,PROD0042,交易指令接收,交易,交易部,交易部_2号员工,,1.0,0.65,2023-10-17 09:00:00,2023-10-17 09:39:17,已完成
PROD0042_V2_STEP002,PROD0042_V2,PROD0042,交易执行,交易,交易部,交易部_3号员工,STEP001,2.0,1.05,2023-10-17 09:39:17,2023-10-17 10:42:34,已完成
PROD0042_V2_STEP003,PROD0042_V2,PROD0042,交易确认,交易,交易部,交易部_2号员工,STEP002,1.0,0.71,2023-10-17 10:42:34,2023-10-17 11:24:53,有问题
PROD0042_V2_STEP004,PROD0042_V2,PROD0042,清算数据接收,清算,清算部,清算部_3号员工,STEP003,2.0,1.13,2023-10-17 11:24:53,2023-10-17 12:32:39,已完成
PROD0042_V2_STEP005,PROD0042_V2,PROD0042,清算处理,清算,清算部,清算部_2号员工,STEP004,3.0,1.82,2023-10-17 12:32:39,2023-10-17 14:21:54,已完成
PROD0042_V2_STEP006,PROD0042_V2,PROD0042,托管行清算核对,清算,清算部,清算部_1号员工,STEP005,2.0,1.38,2023-10-17 14:21:54,2023-10-17 15:44:31,有问题
PROD0042_V2_STEP007,PROD0042_V2,PROD0042,估值数据准备,估值,估值部,估值部_4号员工,STEP006,2.0,0.83,2023-10-17 15:44:31,2023-10-17 16:34:27,有问题
PROD0042_V2_STEP008,PROD0042_V2,PROD0042,估值计算,估值,估值部,估值部_4号员工,STEP007,3.0,2.42,2023-10-17 16:34:27,2023-10-17 18:59:51,已完成
PROD0042_V2_STEP009,PROD0042_V2,PROD0042,托管行估值核对,估值,估值部,估值部_5号员工,STEP008,2.0,1.57,2023-10-17 18:59:51,2023-10-17 20:34:10,已完成
PROD0042_V2_STEP010,PROD0042_V2,PROD0042,估值结果确认,估值,估值部,估值部_2号员工,STEP009,1.0,0.4,2023-10-17 20:34:10,2023-10-17 20:58:12,已完成
PROD0042_V2_STEP011,PROD0042_V2,PROD0042,信息披露准备,披露,披露部,披露部_1号员工,STEP010,2.0,0.86,2023-10-17 20:58:12,2023-10-17 21:49:31,已完成
PROD0042_V2_STEP012,PROD0042_V2,PROD0042,信息披露审核,披露,披露部,披露部_1号员工,STEP011,2.0,0.99,2023-10-17 21:49:31,2023-10-17 22:49:04,已完成
PROD0042_V2_STEP013,PROD0042_V2,PROD0042,信息披露发布,披露,披露部,披露部_4号员工,STEP012,1.0,0.41,2023-10-17 22:49:04,2023-10-17 23:13:45,已完成
PROD0043_V1_STEP001,PROD0043_V1,PROD0043,交易指令接收,交易,交易部,交易部_1号员工,,1.0,0.41,2023-11-24 09:00:00,2023-11-24 09:24:40,有问题
PROD0043_V1_STEP002,PROD0043_V1,PROD0043,交易执行,交易,交易部,交易部_3号员工,STEP001,2.0,1.23,2023-11-24 09:24:40,2023-11-24 10:38:44,有问题
PROD0043_V1_STEP003,PROD0043_V1,PROD0043,交易确认,交易,交易部,交易部_2号员工,STEP002,1.0,0.61,2023-11-24 10:38:44,2023-11-24 11:15:37,已完成
PROD0043_V1_STEP004,PROD0043_V1,PROD0043,清算数据接收,清算,清算部,清算部_3号员工,STEP003,2.0,1.32,2023-11-24 11:15:37,2023-11-24 12:35:04,已完成
PROD0043_V1_STEP005,PROD0043_V1,PROD0043,清算处理,清算,清算部,清算部_1号员工,STEP004,3.0,2.48,2023-11-24 12:35:04,2023-11-24 15:03:56,有问题
PROD0043_V1_STEP006,PROD0043_V1,PROD0043,托管行清算核对,清算,清算部,清算部_3号员工,STEP005,2.0,0.84,2023-11-24 15:03:56,2023-11-24 15:54:31,已完成
PROD0043_V1_STEP007,PROD0043_V1,PROD0043,估值数据准备,估值,估值部,估值部_1号员工,STEP006,2.0,1.26,2023-11-24 15:54:31,2023-11-24 17:09:56,有问题
PROD0043_V1_STEP008,PROD0043_V1,PROD0043,估值计算,估值,估值部,估值部_5号员工,STEP007,3.0,1.83,2023-11-24 17:09:56,2023-11-24 18:59:48,已完成
PROD0043_V1_STEP009,PROD0043_V1,PROD0043,托管行估值核对,估值,估值部,估值部_1号员工,STEP008,2.0,1.81,2023-11-24 18:59:48,2023-11-24 20:48:23,有问题
PROD0043_V1_STEP010,PROD0043_V1,PROD0043,估值结果确认,估值,估值部,估值部_1号员工,STEP009,1.0,0.43,2023-11-24 20:48:23,2023-11-24 21:14:17,已完成
PROD0043_V1_STEP011,PROD0043_V1,PROD0043,信息披露准备,披露,披露部,披露部_4号员工,STEP010,2.0,1.24,2023-11-24 21:14:17,2023-11-24 22:28:57,有问题
PROD0043_V1_STEP012,PROD0043_V1,PROD0043,信息披露审核,披露,披露部,披露部_4号员工,STEP011,2.0,1.4,2023-11-24 22:28:57,2023-11-24 23:52:57,已完成
PROD0043_V1_STEP013,PROD0043_V1,PROD0043,信息披露发布,披露,披露部,披露部_5号员工,STEP012,1.0,0.4,2023-11-24 23:52:57,2023-11-25 00:16:59,已完成
PROD0044_V1_STEP001,PROD0044_V1,PROD0044,交易指令接收,交易,交易部,交易部_3号员工,,1.0,0.52,2023-10-22 09:00:00,2023-10-22 09:31:23,已完成
PROD0044_V1_STEP002,PROD0044_V1,PROD0044,交易执行,交易,交易部,交易部_2号员工,STEP001,2.0,1.06,2023-10-22 09:31:23,2023-10-22 10:34:44,有问题
PROD0044_V1_STEP003,PROD0044_V1,PROD0044,清算处理,清算,清算部,清算部_1号员工,STEP002,2.0,1.7,2023-10-22 10:34:44,2023-10-22 12:16:31,有问题
PROD0044_V1_STEP004,PROD0044_V1,PROD0044,托管行清算核对,清算,清算部,清算部_5号员工,STEP003,2.0,0.89,2023-10-22 12:16:31,2023-10-22 13:09:48,已完成
PROD0044_V1_STEP005,PROD0044_V1,PROD0044,估值计算,估值,估值部,估值部_2号员工,STEP004,2.0,1.72,2023-10-22 13:09:48,2023-10-22 14:53:15,已完成
PROD0044_V1_STEP006,PROD0044_V1,PROD0044,托管行估值核对,估值,估值部,估值部_1号员工,STEP005,2.0,1.18,2023-10-22 14:53:15,2023-10-22 16:04:18,有问题
PROD0044_V1_STEP007,PROD0044_V1,PROD0044,信息披露,披露,披露部,披露部_4号员工,STEP006,1.0,0.7,2023-10-22 16:04:18,2023-10-22 16:46:10,已完成
PROD0045_V1_STEP001,PROD0045_V1,PROD0045,交易指令接收,交易,交易部,交易部_3号员工,,0.5,0.3,2023-11-18 09:00:00,2023-11-18 09:18:09,已完成
PROD0045_V1_STEP002,PROD0045_V1,PROD0045,交易执行,交易,交易部,交易部_2号员工,STEP001,1.0,0.49,2023-11-18 09:18:09,2023-11-18 09:47:47,已完成
PROD0045_V1_STEP003,PROD0045_V1,PROD0045,清算处理,清算,清算部,清算部_3号员工,STEP002,1.0,0.73,2023-11-18 09:47:47,2023-11-18 10:31:35,已完成
PROD0045_V1_STEP004,PROD0045_V1,PROD0045,估值计算,估值,估值部,估值部_1号员工,STEP003,1.0,0.53,2023-11-18 10:31:35,2023-11-18 11:03:26,已完成
PROD0045_V1_STEP005,PROD0045_V1,PROD0045,托管行核对,估值,估值部,估值部_1号员工,STEP004,1.0,0.73,2023-11-18 11:03:26,2023-11-18 11:47:25,有问题
PROD0045_V1_STEP006,PROD0045_V1,PROD0045,信息披露,披露,披露部,披露部_3号员工,STEP005,0.5,0.33,2023-11-18 11:47:25,2023-11-18 12:07:18,已完成
PROD0046_V1_STEP001,PROD0046_V1,PROD0046,交易指令接收,交易,交易部,交易部_5号员工,,1.0,0.66,2024-01-01 09:00:00,2024-01-01 09:39:53,有问题
PROD0046_V1_STEP002,PROD0046_V1,PROD0046,交易执行,交易,交易部,交易部_4号员工,STEP001,2.0,0.92,2024-01-01 09:39:53,2024-01-01 10:35:16,有问题
PROD0046_V1_STEP003,PROD0046_V1,PROD0046,交易确认,交易,交易部,交易部_2号员工,STEP002,1.0,0.71,2024-01-01 10:35:16,2024-01-01 11:17:46,已完成
PROD0046_V1_STEP004,PROD0046_V1,PROD0046,清算数据接收,清算,清算部,清算部_1号员工,STEP003,2.0,1.5,2024-01-01 11:17:46,2024-01-01 12:47:32,有问题
PROD0046_V1_STEP005,PROD0046_V1,PROD0046,清算处理,清算,清算部,清算部_3号员工,STEP004,2.0,1.8,2024-01-01 12:47:32,2024-01-01 14:35:16,有问题
PROD0046_V1_STEP006,PROD0046_V1,PROD0046,托管行清算核对,清算,清算部,清算部_3号员工,STEP005,2.0,0.89,2024-01-01 14:35:16,2024-01-01 15:28:49,已完成
PROD0046_V1_STEP007,PROD0046_V1,PROD0046,估值数据准备,估值,估值部,估值部_4号员工,STEP006,1.0,0.49,2024-01-01 15:28:49,2024-01-01 15:58:03,有问题
PROD0046_V1_STEP008,PROD0046_V1,PROD0046,估值计算,估值,估值部,估值部_5号员工,STEP007,2.0,1.95,2024-01-01 15:58:03,2024-01-01 17:55:21,已完成
PROD0046_V1_STEP009,PROD0046_V1,PROD0046,托管行估值核对,估值,估值部,估值部_2号员工,STEP008,2.0,0.94,2024-01-01 17:55:21,2024-01-01 18:51:30,已完成
PROD0046_V1_STEP010,PROD0046_V1,PROD0046,估值结果确认,估值,估值部,估值部_3号员工,STEP009,1.0,0.58,2024-01-01 18:51:30,2024-01-01 19:26:22,已完成
PROD0046_V1_STEP011,PROD0046_V1,PROD0046,信息披露准备,披露,披露部,披露部_2号员工,STEP010,1.0,0.56,2024-01-01 19:26:22,2024-01-01 19:59:50,已完成
PROD0046_V1_STEP012,PROD0046_V1,PROD0046,信息披露发布,披露,披露部,披露部_4号员工,STEP011,1.0,0.58,2024-01-01 19:59:50,2024-01-01 20:34:21,已完成
PROD0047_V1_STEP001,PROD0047_V1,PROD0047,交易指令接收,交易,交易部,交易部_4号员工,,1.0,0.71,2023-07-22 09:00:00,2023-07-22 09:42:40,已完成
PROD0047_V1_STEP002,PROD0047_V1,PROD0047,交易执行,交易,交易部,交易部_5号员工,STEP001,2.0,1.18,2023-07-22 09:42:40,2023-07-22 10:53:33,有问题
PROD0047_V1_STEP003,PROD0047_V1,PROD0047,清算处理,清算,清算部,清算部_2号员工,STEP002,2.0,2.11,2023-07-22 10:53:33,2023-07-22 12:59:51,已完成
PROD0047_V1_STEP004,PROD0047_V1,PROD0047,托管行清算核对,清算,清算部,清算部_1号员工,STEP003,2.0,1.34,2023-07-22 12:59:51,2023-07-22 14:20:26,已完成
PROD0047_V1_STEP005,PROD0047_V1,PROD0047,估值计算,估值,估值部,估值部_4号员工,STEP004,2.0,2.06,2023-07-22 14:20:26,2023-07-22 16:24:03,已完成
PROD0047_V1_STEP006,PROD0047_V1,PROD0047,托管行估值核对,估值,估值部,估值部_5号员工,STEP005,2.0,1.16,2023-07-22 16:24:03,2023-07-22 17:33:42,有问题
PROD0047_V1_STEP007,PROD0047_V1,PROD0047,信息披露,披露,披露部,披露部_1号员工,STEP006,1.0,0.69,2023-07-22 17:33:42,2023-07-22 18:14:55,有问题
PROD0047_V2_STEP001,PROD0047_V2,PROD0047,交易指令接收,交易,交易部,交易部_4号员工,,1.0,0.51,2023-10-25 09:00:00,2023-10-25 09:30:46,已完成
PROD0047_V2_STEP002,PROD0047_V2,PROD0047,交易执行,交易,交易部,交易部_4号员工,STEP001,2.0,1.21,2023-10-25 09:30:46,2023-10-25 10:43:05,已完成
PROD0047_V2_STEP003,PROD0047_V2,PROD0047,清算处理,清算,清算部,清算部_2号员工,STEP002,2.0,2.09,2023-10-25 10:43:05,2023-10-25 12:48:41,有问题
PROD0047_V2_STEP004,PROD0047_V2,PROD0047,托管行清算核对,清算,清算部,清算部_5号员工,STEP003,2.0,0.92,2023-10-25 12:48:41,2023-10-25 13:43:41,已完成
PROD0047_V2_STEP005,PROD0047_V2,PROD0047,估值计算,估值,估值部,估值部_4号员工,STEP004,2.0,2.07,2023-10-25 13:43:41,2023-10-25 15:48:09,已完成
PROD0047_V2_STEP006,PROD0047_V2,PROD0047,托管行估值核对,估值,估值部,估值部_2号员工,STEP005,2.0,1.2,2023-10-25 15:48:09,2023-10-25 16:59:56,已完成
PROD0047_V2_STEP007,PROD0047_V2,PROD0047,信息披露,披露,披露部,披露部_3号员工,STEP006,1.0,0.59,2023-10-25 16:59:56,2023-10-25 17:35:30,已完成
PROD0048_V1_STEP001,PROD0048_V1,PROD0048,交易指令接收,交易,交易部,交易部_3号员工,,1.0,0.71,2023-12-07 09:00:00,2023-12-07 09:42:27,有问题
PROD0048_V1_STEP002,PROD0048_V1,PROD0048,交易执行,交易,交易部,交易部_5号员工,STEP001,2.0,1.0,2023-12-07 09:42:27,2023-12-07 10:42:10,已完成
PROD0048_V1_STEP003,PROD0048_V1,PROD0048,交易确认,交易,交易部,交易部_5号员工,STEP002,1.0,0.59,2023-12-07 10:42:10,2023-12-07 11:17:16,已完成
PROD0048_V1_STEP004,PROD0048_V1,PROD0048,清算数据接收,清算,清算部,清算部_4号员工,STEP003,2.0,1.13,2023-12-07 11:17:16,2023-12-07 12:24:51,有问题
PROD0048_V1_STEP005,PROD0048_V1,PROD0048,清算处理,清算,清算部,清算部_3号员工,STEP004,3.0,2.77,2023-12-07 12:24:51,2023-12-07 15:11:02,已完成
PROD0048_V1_STEP006,PROD0048_V1,PROD0048,托管行清算核对,清算,清算部,清算部_3号员工,STEP005,2.0,1.39,2023-12-07 15:11:02,2023-12-07 16:34:11,已完成
PROD0048_V1_STEP007,PROD0048_V1,PROD0048,估值数据准备,估值,估值部,估值部_2号员工,STEP006,2.0,1.16,2023-12-07 16:34:11,2023-12-07 17:43:52,已完成
PROD0048_V1_STEP008,PROD0048_V1,PROD0048,估值计算,估值,估值部,估值部_3号员工,STEP007,3.0,1.71,2023-12-07 17:43:52,2023-12-07 19:26:23,已完成
PROD0048_V1_STEP009,PROD0048_V1,PROD0048,托管行估值核对,估值,估值部,估值部_5号员工,STEP008,2.0,1.8,2023-12-07 19:26:23,2023-12-07 21:14:20,已完成
PROD0048_V1_STEP010,PROD0048_V1,PROD0048,估值结果确认,估值,估值部,估值部_4号员工,STEP009,1.0,0.43,2023-12-07 21:14:20,2023-12-07 21:40:04,已完成
PROD0048_V1_STEP011,PROD0048_V1,PROD0048,信息披露准备,披露,披露部,披露部_4号员工,STEP010,2.0,1.31,2023-12-07 21:40:04,2023-12-07 22:58:36,已完成
PROD0048_V1_STEP012,PROD0048_V1,PROD0048,信息披露审核,披露,披露部,披露部_5号员工,STEP011,2.0,0.9,2023-12-07 22:58:36,2023-12-07 23:52:31,有问题
PROD0048_V1_STEP013,PROD0048_V1,PROD0048,信息披露发布,披露,披露部,披露部_5号员工,STEP012,1.0,0.62,2023-12-07 23:52:31,2023-12-08 00:29:44,已完成
PROD0049_V1_STEP001,PROD0049_V1,PROD0049,交易指令接收,交易,交易部,交易部_3号员工,,1.0,0.57,2023-01-16 09:00:00,2023-01-16 09:34:20,有问题
PROD0049_V1_STEP002,PROD0049_V1,PROD0049,交易执行,交易,交易部,交易部_4号员工,STEP001,2.0,0.96,2023-01-16 09:34:20,2023-01-16 10:31:39,已完成
PROD0049_V1_STEP003,PROD0049_V1,PROD0049,交易确认,交易,交易部,交易部_1号员工,STEP002,1.0,0.58,2023-01-16 10:31:39,2023-01-16 11:06:26,已完成
PROD0049_V1_STEP004,PROD0049_V1,PROD0049,清算数据接收,清算,清算部,清算部_3号员工,STEP003,2.0,1.43,2023-01-16 11:06:26,2023-01-16 12:32:29,已完成
PROD0049_V1_STEP005,PROD0049_V1,PROD0049,清算处理,清算,清算部,清算部_4号员工,STEP004,2.0,2.23,2023-01-16 12:32:29,2023-01-16 14:46:12,有问题
PROD0049_V1_STEP006,PROD0049_V1,PROD0049,托管行清算核对,清算,清算部,清算部_5号员工,STEP005,2.0,1.4,2023-01-16 14:46:12,2023-01-16 16:10:28,已完成
PROD0049_V1_STEP007,PROD0049_V1,PROD0049,估值数据准备,估值,估值部,估值部_4号员工,STEP006,1.0,0.51,2023-01-16 16:10:28,2023-01-16 16:41:22,已完成
PROD0049_V1_STEP008,PROD0049_V1,PROD0049,估值计算,估值,估值部,估值部_2号员工,STEP007,2.0,1.55,2023-01-16 16:41:22,2023-01-16 18:14:22,已完成
PROD0049_V1_STEP009,PROD0049_V1,PROD0049,托管行估值核对,估值,估值部,估值部_3号员工,STEP008,2.0,1.08,2023-01-16 18:14:22,2023-01-16 19:18:59,有问题
PROD0049_V1_STEP010,PROD0049_V1,PROD0049,估值结果确认,估值,估值部,估值部_2号员工,STEP009,1.0,0.52,2023-01-16 19:18:59,2023-01-16 19:49:54,已完成
PROD0049_V1_STEP011,PROD0049_V1,PROD0049,信息披露准备,披露,披露部,披露部_1号员工,STEP010,1.0,0.72,2023-01-16 19:49:54,2023-01-16 20:32:58,已完成
PROD0049_V1_STEP012,PROD0049_V1,PROD0049,信息披露发布,披露,披露部,披露部_1号员工,STEP011,1.0,0.49,2023-01-16 20:32:58,2023-01-16 21:02:38,已完成
PROD0050_V1_STEP001,PROD0050_V1,PROD0050,交易指令接收,交易,交易部,交易部_3号员工,,1.0,0.41,2023-11-16 09:00:00,2023-11-16 09:24:44,已完成
PROD0050_V1_STEP002,PROD0050_V1,PROD0050,交易执行,交易,交易部,交易部_5号员工,STEP001,2.0,1.13,2023-11-16 09:24:44,2023-11-16 10:32:46,有问题
PROD0050_V1_STEP003,PROD0050_V1,PROD0050,交易确认,交易,交易部,交易部_5号员工,STEP002,1.0,0.44,2023-11-16 10:32:46,2023-11-16 10:59:20,已完成
PROD0050_V1_STEP004,PROD0050_V1,PROD0050,清算数据接收,清算,清算部,清算部_2号员工,STEP003,2.0,0.91,2023-11-16 10:59:20,2023-11-16 11:53:40,有问题
PROD0050_V1_STEP005,PROD0050_V1,PROD0050,清算处理,清算,清算部,清算部_5号员工,STEP004,3.0,2.27,2023-11-16 11:53:40,2023-11-16 14:09:39,已完成
PROD0050_V1_STEP006,PROD0050_V1,PROD0050,托管行清算核对,清算,清算部,清算部_2号员工,STEP005,2.0,0.81,2023-11-16 14:09:39,2023-11-16 14:58:10,已完成
PROD0050_V1_STEP007,PROD0050_V1,PROD0050,估值数据准备,估值,估值部,估值部_2号员工,STEP006,2.0,0.93,2023-11-16 14:58:10,2023-11-16 15:53:58,已完成
PROD0050_V1_STEP008,PROD0050_V1,PROD0050,估值计算,估值,估值部,估值部_4号员工,STEP007,3.0,2.09,2023-11-16 15:53:58,2023-11-16 17:59:16,已完成
PROD0050_V1_STEP009,PROD0050_V1,PROD0050,托管行估值核对,估值,估值部,估值部_5号员工,STEP008,2.0,1.42,2023-11-16 17:59:16,2023-11-16 19:24:20,已完成
PROD0050_V1_STEP010,PROD0050_V1,PROD0050,估值结果确认,估值,估值部,估值部_1号员工,STEP009,1.0,0.72,2023-11-16 19:24:20,2023-11-16 20:07:41,已完成
PROD0050_V1_STEP011,PROD0050_V1,PROD0050,信息披露准备,披露,披露部,披露部_4号员工,STEP010,2.0,1.43,2023-11-16 20:07:41,2023-11-16 21:33:21,已完成
PROD0050_V1_STEP012,PROD0050_V1,PROD0050,信息披露审核,披露,披露部,披露部_5号员工,STEP011,2.0,0.93,2023-11-16 21:33:21,2023-11-16 22:28:59,已完成
PROD0050_V1_STEP013,PROD0050_V1,PROD0050,信息披露发布,披露,披露部,披露部_1号员工,STEP012,1.0,0.49,2023-11-16 22:28:59,2023-11-16 22:58:06,已完成
PROD0050_V2_STEP001,PROD0050_V2,PROD0050,交易指令接收,交易,交易部,交易部_2号员工,,1.0,0.54,2023-03-24 09:00:00,2023-03-24 09:32:10,已完成
PROD0050_V2_STEP002,PROD0050_V2,PROD0050,交易执行,交易,交易部,交易部_5号员工,STEP001,2.0,1.35,2023-03-24 09:32:10,2023-03-24 10:52:59,有问题
PROD0050_V2_STEP003,PROD0050_V2,PROD0050,交易确认,交易,交易部,交易部_1号员工,STEP002,1.0,0.68,2023-03-24 10:52:59,2023-03-24 11:33:35,已完成
PROD0050_V2_STEP004,PROD0050_V2,PROD0050,清算数据接收,清算,清算部,清算部_5号员工,STEP003,2.0,1.15,2023-03-24 11:33:35,2023-03-24 12:42:27,已完成
PROD0050_V2_STEP005,PROD0050_V2,PROD0050,清算处理,清算,清算部,清算部_4号员工,STEP004,3.0,2.57,2023-03-24 12:42:27,2023-03-24 15:16:42,已完成
PROD0050_V2_STEP006,PROD0050_V2,PROD0050,托管行清算核对,清算,清算部,清算部_3号员工,STEP005,2.0,1.24,2023-03-24 15:16:42,2023-03-24 16:30:58,已完成
PROD0050_V2_STEP007,PROD0050_V2,PROD0050,估值数据准备,估值,估值部,估值部_5号员工,STEP006,2.0,0.84,2023-03-24 16:30:58,2023-03-24 17:21:12,有问题
PROD0050_V2_STEP008,PROD0050_V2,PROD0050,估值计算,估值,估值部,估值部_1号员工,STEP007,3.0,1.74,2023-03-24 17:21:12,2023-03-24 19:05:53,已完成
PROD0050_V2_STEP009,PROD0050_V2,PROD0050,托管行估值核对,估值,估值部,估值部_5号员工,STEP008,2.0,1.55,2023-03-24 19:05:53,2023-03-24 20:38:41,已完成
PROD0050_V2_STEP010,PROD0050_V2,PROD0050,估值结果确认,估值,估值部,估值部_5号员工,STEP009,1.0,0.47,2023-03-24 20:38:41,2023-03-24 21:06:49,已完成
PROD0050_V2_STEP011,PROD0050_V2,PROD0050,信息披露准备,披露,披露部,披露部_2号员工,STEP010,2.0,1.4,2023-03-24 21:06:49,2023-03-24 22:31:00,已完成
PROD0050_V2_STEP012,PROD0050_V2,PROD0050,信息披露审核,披露,披露部,披露部_4号员工,STEP011,2.0,1.07,2023-03-24 22:31:00,2023-03-24 23:34:59,已完成
PROD0050_V2_STEP013,PROD0050_V2,PROD0050,信息披露发布,披露,披露部,披露部_5号员工,STEP012,1.0,0.6,2023-03-24 23:34:59,2023-03-25 00:10:49,已完成
